a_alias	b_alias
NEDD4L	SGK1
NUP62	XPO6
DVL2	OTULIN
IKBKG	NFKBIB
TAL1	HDAC1
COPS5	SMAD4
SLIT2	ROBO1
IL15	IL15RA
NBN	MRE11A
RGS2	CTSB
ADAM12	IGFBP3
ARHGEF1	GNA13
AP1M1	MTF1
PCNA	CDK2
ASF1B	CHAF1B
APOE	LRP2
CEBPA	CEBPD
SKI	SKIL
TAF13	TBP
EIF4E	EIF4A1
SUMO3	SENP2
SF3B3	YWHAG
HIP1R	HIP1
FASLG	PIK3R1
CCL4	CCR1
RSF1	SMARCA5
IKBKAP	ELP3
ERCC4	ERCC1
H2AFX	ATM
SHC1	APP
TAF9	GTF2B
HDAC1	TOP2A
PPM1F	PAK1
GRIK2	DLG3
GIPC1	RGS19
DYNLL1	SLC25A10
ORC2	ORC6
TNFRSF1A	RIPK1
RNH1	RNASE1
NFYB	SP1
BRCA1	MSH6
CDKN1B	CCND3
TAF9	TAF6L
CDC25A	CDK2
EIF5A	XPO1
BTRC	CDC34
PPARGC1A	NRF1
POLR2E	POLR2C
DNM2	CTTN
IKBKAP	NFKBIA
CTSB	CST3
NFKBIE	REL
RCC1	RANBP1
DHX9	TOP2A
GNAI1	RGS14
MYBL2	CREBBP
FGFR3	FGF5
MCRS1	CCDC53
MYOD1	ID3
EPB41L3	MBIP
EGFR	NCK2
EP300	EID1
PRMT1	KHDRBS1
ATF3	JUN
CDK1	CCNB1
BATF3	BATF
CXCR4	CCR5
TGFB1	TGFB2
PRKD1	JUN
LSM5	LSM7
PLCG1	WAS
ERO1B	P4HB
RGS18	GNAI3
CDK16	YWHAH
PRKAR2A	EZR
HIST1H3J	CHAF1A
ATRX	DAXX
NCOA6	WDR5
MED1	MED17
GSTM1	MAP3K5
FOSL2	JUNB
RPP30	POP1
CDKN1A	CCND3
APBB1	EVL
YWHAQ	MTOR
CEBPB	SMARCC1
CAV1	PTGS2
CASP3	HCLS1
PSMD7	PSMD6
EED	YY1
KDR	SHC2
MYOD1	EP300
CHML	RAB3A
HOMER3	RYR1
PSMA6	PSMD13
PDGFRB	NCK2
AP3S2	AP3D1
SMAD7	STRAP
TRAF4	NGFR
GRIA1	DLG1
PICK1	PRKCA
VDAC1	HK1
DDB2	DDB1
SMAD4	ZNF423
NUP88	NUP214
SUMO1	HTT
GRB14	INSR
EIF2B2	EIF2B1
MYOD1	CDK4
PDGFRA	PDGFC
SMAD4	JUNB
PDHA1	PDK3
PPP1CC	PPP1R8
SMAD1	ZNF423
CDC37	RIPK3
RPS6KA4	MAPK14
PEX5	PEX13
RANBP1	RAN
TWIST1	KAT2B
RRAS	NCK1
SKP2	CDT1
GIT1	ARHGEF6
IGFBP3	TF
SMAD3	SMAD1
EIF4A3	MAGOH
GABARAP	NBR1
PSMC3	PAAF1
FMR1	FXR2
CDKN1B	YWHAH
CD28	CD86
RNF123	UBAC1
PSMD7	PSMC1
CDK1	MYT1
COL17A1	ITGB4
PSMA3	PSMA2
TFDP1	RB1
ALK	PTN
KNTC1	ZW10
CHMP4B	STAMBP
RBBP9	RB1
GABARAPL2	ATG4B
DHX9	KHDRBS1
PSMC5	TNNT1
SIAH2	UBE2I
TSG101	HGS
EGFR	GRB10
SMAD7	RNF111
ERBB2	EGFR
MAP3K8	REL
RUVBL2	DPCD
MED20	MED29
CBL	SLA2
SOS1	EPS8
IGFBP5	IGFALS
PSMC6	PSMC5
CDKN1B	UBB
FOSL1	DDIT3
EFNA4	EPHA4
PDE6D	RHEB
ARPC1A	ARPC2
RBM8A	MAGOHB
CBX8	RNF2
COPS6	SMN2
SMAD4	PIAS1
PSMC2	PSMC1
PTPN6	SYK
NFKB1	NFKBIA
TAF9	TAF6
CNOT7	TOB2
PLK1	CCNB1
TLE1	HES1
SH3GL2	ATXN2
DUSP1	MAPK1
CD2AP	CBL
PLRG1	CDC5L
ABCD1	PEX19
RINT1	ZW10
ITGB7	ITGAE
EP300	CREBBP
COPG1	COPG2
KIF3B	KIF3A
ADRB2	SLC9A3R1
KLF11	MAPK1
IGF1R	IRS1
PTPN6	BCR
EGFR	CTNNB1
VPS37A	TSG101
NIFK	MKI67
LCK	CD48
PPP2R1B	PPP2R5E
PRUNE1	NME1
TIRAP	BTK
CHUK	MYH14
CDC25A	CCNB1
EED	AEBP2
SSTR2	SHANK1
FGFR3	FGF1
APOD	APOA2
NCOR1	HDAC3
OGDH	DLST
CNTFR	CNTF
CHMP4B	UBE2I
PMP22	PEX19
FLT4	SHC1
CRKL	KIT
E2F1	RB1
NFKBIB	REL
BATF3	JUN
BARD1	CSTF1
EIF4E	EIF4G3
MDFI	ZNF136
EP300	CEBPB
CDKN1A	PARP1
LDLR	PCSK9
SMAD2	SMAD4
SKP1	FBXL2
DVL2	BAG3
CDC37	MAP3K7
KAT2B	KLF13
LDOC1	ZNF408
ERCC6	XPA
HDAC2	SP3
LUC7L2	CEP126
PPP4C	PPP4R4
YWHAE	HDAC5
HDAC4	MEF2D
RBBP4	SP3
PRKAR2A	AKAP5
EME1	MUS81
HDAC1	CTNNB1
CUL1	SKP2
KHSRP	EXOSC2
IGFALS	IGFBP3
TAF12	TBP
VPS18	VPS16
EXOSC4	EXOSC10
XRCC6	KAT2A
JAK1	INSR
LIN7A	MPP6
HNRNPA2B1	HNRNPL
CDC42	PIK3R1
ATF2	DDIT3
MAPT	SNCA
CDK4	RB1
ATF2	CREB5
CYTH1	ITGB2
STUB1	TRAF2
WAS	BTK
NEDD8	NUB1
TIMP3	MMP2
RBL1	SMAD3
CDK1	HMGA1
XPA	GTF2H1
NUDT21	CPSF6
CEBPB	CEBPD
TRAF6	TNFRSF11A
SMAD2	SMURF2
TBK1	TBKBP1
TRAF2	TNFRSF8
HDAC4	HDAC3
IGF1R	YWHAE
EP300	STAT3
NME1	RRAD
PSMC1	PSMC6
STUB1	BAG1
SMAD4	UBE2I
CSF2RB	PTPN11
CDH3	CTNNB1
WIPF1	NCK1
ERBB4	NRG1
MCM4	MCM6
C11orf58	A2M
KAT2B	RB1
LBR	CBX5
CHUK	AKT2
MAPK14	MEF2A
EIF3C	EIF3K
MAT2A	MAT2B
DYNLL1	DLGAP1
NCOA4	AR
TFDP1	E2F3
SKP1	FBXL3
SRC	PTPN21
PPP4C	PPP4R2
GTF2F2	GTF2F1
YWHAE	YWHAH
EIF4G1	EIF4A2
CTNND1	CDH5
GADD45G	CDK1
AURKB	RACGAP1
UBQLN1	HSPA13
TRAF1	TNFSF9
DUSP4	MAPK1
MAP2K4	MAPK8
SART1	UBL5
HOXC8	SMAD1
SRC	SMARCE1
LMO2	LDB1
TNF	TNFRSF1A
EPHB1	EFNB1
HIST1H3J	ASF1A
VAPA	VAMP2
RBBP8	CTBP1
TOP2A	TOP2B
TNFAIP3	RNF11
COPS8	COPS5
PCNA	RFC5
EGFR	PTPRJ
NUDT18	RAB3IL1
LAT	SH3BP2
CNOT2	CNOT6
MAP3K5	TRAF5
DBF4	CDC7
CHUK	MAP3K14
PCNA	WRN
CCNB2	CDK1
ILF3	XPO5
CASP9	DCC
PKN2	RHOA
HMOX2	HAP1
CCK	CCKBR
BIRC2	RIPK2
CBL	MET
XIAP	TRAF6
SAP30BP	PUF60
RASAL2	YWHAG
FOS	DDIT3
PSMC2	PSMD6
BIRC2	CASP3
ARHGEF7	PAK2
PSMB5	PSMB3
SEPT5	SEPT8
SSTR1	CORT
RAD51AP1	RAD51
SMAD1	SMAD6
CDK1	CDKN1A
CDC42	NCF2
ARHGEF11	PLXNB3
CTNND1	CDH2
ACVR2B	MSTN
PAM16	FEZ1
PRPF38B	YWHAG
CXCR2	CXCL6
MAP2K7	MAP3K1
CHUK	MYL12A
IGBP1	PPP2CB
EIF2B1	EIF2S1
NFKB2	REL
APPL2	APPL1
VEGFA	NRP1
ATF3	BATF3
ZNF440	MDFI
JAK1	IFNAR2
RPS26	TSR2
TNFRSF9	TRAF2
IRAK2	TRAF6
CCDC53	PBXIP1
HRAS	BRAF
SOCS3	IRS1
NTF4	BDNF
IRS1	UBTF
IFNAR1	JAK1
NUP88	NUP98
MCTS1	DENR
RPA1	RAD52
RAD51	DMC1
EGFR	EPS8
AHR	AIP
IL7	IL2RG
SMAD3	SKI
PSMC6	PSMD6
MSH2	BRCA1
CREB3L3	CREB3
USHBP1	SERTAD3
MCM6	MCM2
YWHAG	MARK3
STAM2	JAK1
TRIP13	DDAH2
SP1	SREBF2
MAP2K4	MAP3K2
JAK1	TYK2
SDHB	SDHA
CAND1	CUL3
GGA1	SYNRG
TRAF2	MAP3K8
CUL7	FBXW8
USHBP1	PRC1
RFX5	RFXANK
CDKN1B	CDK2
CDKN1A	CCNE2
DCAF8	MDFI
TCEB1	SOCS1
PSMC3	PSMD13
CBL	MYO1C
IRF3	CREBBP
FASLG	NCK1
BCL10	MALT1
PRTN3	SERPINB1
KAT5	HDAC1
SERPINB2	RB1
MAP3K14	HSP90AB1
PARD6A	PRKCZ
KIT	JAK2
TAP1	PDIA3
ACTN2	KCNA5
BIRC7	CASP9
SKP1	FBXO11
RGS2	LRFN1
CTNNA1	CTNNB1
EIF4EBP1	MAPK1
FYN	CD247
GHR	SHC1
KCNJ5	KCNJ3
PIAS4	SMAD1
CRKL	GAB2
EIF3F	EIF3B
IFNAR1	TYK2
BTG1	CNOT8
RAB3A	SYTL4
JUNB	BATF
UBE2D1	UBE3A
HSF1	STUB1
UBE2E3	RNF5
PCNA	CCNB1
S100B	S100A6
GCKR	GCK
RIC8A	UBQLN1
APP	HSD17B10
BRCA1	FANCA
FSHB	CGA
VPS26B	VPS35
ATG7	GABARAPL1
IL6ST	JAK1
PDGFRB	NCK1
APTX	XRCC4
RGS16	EGFR
SMAD7	MAPK14
NCOR1	PML
PSMC2	PSMD5
RAB11FIP2	YWHAG
MAP2K7	MAP3K2
MCM7	RB1
CTSL	CSTA
TRAIP	TRAF2
LCK	SYK
HRAS	PIK3CA
ORC4	ORC6
PSMD7	PSMD13
U2AF2	U2AF1
PSMD8	PAAF1
PEX5	ECH1
SPEN	NCOR2
UBE2D2	CBL
CCR1	CCL14
PSMB3	PSMD6
CFTR	CANX
APBA2	APP
LNPEP	TNKS2
GFRA1	RET
NECAB2	LNX1
PARD6B	PRKCI
LCP2	NCK1
ITGB1	CANX
EEF1G	ECH1
SLC25A17	PEX19
CD7	PIK3R1
RGS5	GNAI3
TOPBP1	E2F1
RFC1	RFC3
HDAC1	DNMT3L
STAT6	CREBBP
CD2BP2	CD2
DIABLO	BIRC6
PSMD13	PSMD6
VCAN	SELP
SEC24C	SEC23A
BTBD2	COPS6
LSM2	ZNF408
YWHAE	YWHAB
TFDP1	E2F4
RAN	XPO1
PPP1CA	PPP1R8
TJP2	YWHAG
PSMD10	PSMD7
NCF1	PRKCB
DUSP3	MAPK1
STAM	HGS
GNG7	GNB4
PSEN2	UBQLN1
KRT18	YWHAG
PLN	SLN
TFRC	HFE
PRMT1	FBL
DAAM1	RHOA
ERCC3	ERCC5
GIT1	GRK2
IL6ST	PTPN11
PRMT1	HNRNPR
MAP2K2	MAPK1
HIST1H3J	CBX1
EIF3H	EIF3K
CD9	CD63
OPHN1	RHOA
GAS6	AXL
SRRM2	SRRM1
PSMD4	UBQLN2
PSMA3	PSMA7
RAB1A	GOLGA5
CALR	LRP1
CSNK2A2	CREBBP
ACTR1A	SPTBN2
YWHAQ	MAP3K3
GNAQ	PLCB2
BMF	BCL2
CERS2	ASGR1
YWHAB	EPB41L3
HUWE1	MCL1
FLII	LRRFIP1
CAND1	CUL2
HMG20B	BRCA2
PPP5C	HSP90AB1
NEDD9	SMAD1
RGS2	GNAQ
DNM1	AMPH
DVL2	AXIN1
GIPC1	MYO6
PSMD4	PSMC6
PKN2	NCK1
LCK	PIK3CA
PSMD14	PSMD6
POLR2L	POLR2C
BATF3	CEBPE
RANBP2	RANGAP1
EXOSC6	EXOSC8
ALOX5	ALOX5AP
MPL	THPO
YWHAQ	MAGOH
EFNA5	EPHA4
CD46	MSN
RELA	CREBBP
CDK9	POLR2A
OSGEP	TP53RK
PRPF19	EXOC7
PLCG1	RASA1
PSEN1	CDH1
MDM2	SUMO1
MICALL1	YWHAG
PDGFRB	PTPN11
CDK7	POLR2A
CCL22	DPP4
EIF3A	EIF3D
CCR8	CCL17
BNIP3	BNIP3L
PFN1	ACTB
CDC42	PAK5
CHMP4B	CHMP3
KCNJ12	LIN7A
EIF3I	EIF3G
ARL3	UNC119
PTPN6	CD22
ARHGEF7	CDC42
NPHS2	CD2AP
ITGA2	ITGB1
TRAF6	RIPK2
VAV1	TEC
SUV39H1	RB1
SMAD2	CTNNB1
EGFR	STAT5B
INPPL1	CBL
SP1	JUN
FOXG1	FOXH1
ATXN1	COIL
SPARC	PLG
SIN3A	MXD1
HDAC2	BRCA1
SUV39H1	CBX1
PIK3R1	CTNNB1
QARS	RNF11
WAPL	RAD21
FASLG	PTPN13
CHUK	IKBKAP
UBE2D1	RNF11
FKBP1A	MTOR
ELK1	MAPK9
DSN1	ZWINT
LSM3	LSM1
CXCR1	CXCL8
ERBB2	PTPN11
STAM2	STAMBP
PIK3R1	KHDRBS1
FHL3	AIMP2
KDR	VEGFC
PIK3C3	YWHAG
PSENEN	NCSTN
GTF2H1	XPC
GTF2F2	GTF2E1
SMAD3	JUN
SUV39H1	CBX5
IRS1	SOCS1
PRR14	CBX5
PDGFRB	RASA1
MLLT1	AFF4
RPA1	PRKDC
SNTA1	DMD
SH3GL2	SYNJ1
PCNA	RFC4
SKP1	CDCA3
USO1	GOLGB1
LTBR	TRAF5
LNX1	RABAC1
GABARAP	ATG4B
CBFB	RUNX3
SMARCB1	CEBPB
CRKL	EPOR
AKAP13	RHOA
DNAJB11	PTN
YWHAG	CDC5L
TBP	TAF1A
MKL1	SRF
FOS	JUN
EIF3C	EIF3G
LAPTM5	NEDD4
MTA2	MBD3
INHBB	ACVR1B
VAV1	EGFR
AP4E1	AP4B1
GTF2B	TBP
SNX1	HGS
EDC3	YWHAG
IKBKG	UBB
SKP1	FBXW11
GIT1	PPFIA1
PDPK1	PKN2
LTA	TNFRSF14
UBE2L6	PARK2
EP300	TGS1
PSMD6	PSMC5
TRIP6	HOXA1
PIK3R1	WAS
CDC25A	YWHAE
LRP5	AXIN1
LCP2	FYB
TNK2	EGFR
NXF1	NXF5
AURKB	INCENP
COPS5	COPS4
S100A7	COPS5
COTL1	ALOX5
CREB3L3	CREB3L1
SHC1	IRS1
GNG7	GNB1
RNF2	RYBP
SQSTM1	PRKCI
FBLN2	LAMA1
COPS5	JUND
LCAT	APOA1
SKP1	FBXL7
CHMP1B	VPS4A
PPP1R12A	MPRIP
STX1A	SYT1
TNKS2	TNKS1BP1
DAXX	FAS
EFEMP2	UBQLN1
KIF23	YWHAG
LIFR	CNTF
IL3	CSF2RB
FLNA	FLNB
CTTN	ACTR3
USO1	GOLGA2
WRN	FEN1
CEBPB	DDIT3
UNC5C	NTN1
ATF7	FOS
CARD11	BCL10
DLG1	GRIN2A
STX12	NAPA
REST	RCOR1
CNOT7	CNOT6
MOB1A	STK38L
RPS6KA1	CREBBP
PRKAR2A	AKAP12
EP300	TBP
PDGFRB	PDGFRA
SP1	POU2F1
SMAD3	ERBIN
SMAD4	CEBPB
FOS	NCOR2
TERT	RELA
TNKS2	TERF1
CDK16	YWHAG
RAB33A	RABAC1
NEO1	NTN1
NCOR1	SKIL
TRAPPC2	TRAPPC3
RNF5	UBE2E1
FBLN2	NID1
GABARAP	ATG3
POLR2D	POLR2A
MED26	CDK8
CIB1	TERT
MAP2K2	BRAF
SNUPN	XPO1
TCEA1	POLR2A
KIF5B	YWHAQ
REST	SIN3B
LCK	CD5
MAPK8	BCL2
PPP4C	CCDC6
EFNA4	EPHA7
FBXW7	NOTCH1
PEX12	PEX19
KAT2B	IRF2
ACTN4	MYOZ2
ARHGEF11	RHOA
PSENEN	PSEN1
CSNK2A1	NCL
RAMP1	CALCRL
FASLG	TNFRSF6B
PSMD13	PSMC6
PSMD4	PSMC1
TLR4	TIRAP
RAB9A	PLIN3
CAPN1	CAPNS1
EGFR	RIN1
SPTAN1	FANCA
JAK3	IL2RB
DNM2	AMPH
ACKR1	CCL2
NFKB2	RELA
DPY30	ASH2L
PARD3	PARD6A
PTPN11	BTLA
SUPT20H	MAPK14
GAPDH	EGFR
SRC	GJA1
PRKAA1	CFTR
IKBKE	CLTC
ATF2	MAPK13
CSTA	CTSB
FYN	FYB
RELA	SETD7
FKBP1A	PPP3R1
TIMM17A	TIMM44
CRKL	CBL
FSHB	FSHR
BNIP2	BCL2
CD9	ITGA5
STAT3	PTPN2
CAPN1	CAST
CDC7	MCM3
HSPB1	F13A1
PIK3R1	YWHAG
SIN3A	HDAC1
CDC16	MAD2L1
C4BPA	APCS
BRCA1	POLR2A
PSMD13	PSMC5
YWHAG	EPB41L3
CUL2	TCEB1
SNRPD2	LSM6
JAK1	STAT5A
CD9	PTGFRN
WRN	XRCC5
SRC	EGFR
SELENBP1	MED31
TNFRSF1A	LTA
MDFI	OTX1
TEC	JAK2
LCK	IL2RB
MAFB	BACH1
GANAB	PRKCSH
TFE3	SMAD4
UBE2L3	CBL
ACKR1	CXCL1
PEX10	PEX12
ITK	LAT
TSC2	YWHAH
RBBP4	SAP30
RHOJ	WAS
SUMO1	TOP2A
SNAPC5	NMI
FYN	BCL3
CHUK	NFKBIB
NUDT21	RBM48
CDC25A	CHEK2
MAPKAPK5	MAPK6
EXOSC4	EXOSC2
LYN	HCLS1
CLOCK	ARNTL
PRMT1	DHX9
RPS6KA4	MAPK1
BMP4	BMPR2
TSN	TSNAX
FYN	CBL
SNRNP200	YWHAG
MDFI	C8orf48
RASSF1	DAXX
CCND2	CDK4
STAM2	EGFR
SMAD1	TCF20
COPZ1	COPG2
CCDC90B	TSC22D1
NFKB1	RELB
ITGA2B	ITGB3
NBN	ATM
GEMIN6	SNRPB
CDK9	LARP7
BRIP1	BRCA1
PCID2	SHFM1
CENPA	HJURP
JAK1	SOCS1
RAB11B	MYO5B
LGALS8	ITGA3
HDAC1	SATB1
CELA1	PI3
BNIP3L	BCL2
SLIT2	GPC1
MSH2	ATR
TGFB1I1	PTK2B
RBBP4	HDAC2
LIMS1	RSU1
CSF2RB	CSF2
CTNNBIP1	JUP
PIGK	GPAA1
VAV1	PIK3R1
KIF6	APPBP2
CDH1	CTNNB1
RNF2	BMI1
FGR	WAS
SCG5	UBQLN4
FGF9	FGFR2
PDE6D	ARL3
CACNG2	DLG4
TLR2	CD14
BCOR	BCL6
VAV1	MAPK1
MST1	MST1R
RBBP4	HDAC1
ARHGDIA	RAC2
XIAP	CASP9
LRPAP1	LRP1
UPF2	UPF3B
TGFBR3	TGFB2
RASSF8	YWHAG
SUMO1	UBA2
CD4	IL16
SNAP25	STX4
NUDT18	APIP
GTF2A2	GTF2A1
RGPD6	RAN
SRC	KDR
SERPINB2	PLAU
EGR1	SP1
MAP2K5	MAP3K3
RAB7A	RILP
WWP1	ATN1
RRAGA	RRAGC
CDC37	IKBKB
APC	JUP
SNRPB2	SNRPA1
YIPF4	YIPF3
STAM2	USP8
CUL1	NEDD8
IL1R1	IRAK2
IL9R	IL9
MED21	POLR2A
EIF4E	EIF4EBP3
EP300	MAML1
ABL1	RASA1
HDAC9	HDAC3
NBR1	MAP1LC3C
CCL16	CCR1
BAP1	BRCA1
PYGO1	BCL9
LCK	CD4
PDGFRB	PIK3R1
YWHAQ	USP8
JAK1	PTPN11
C4B_2	C2
EXOSC2	EXOSC3
ATG12	ATG3
DDX20	GEMIN4
SUMO1	UBE2I
CASP3	GZMB
EIF4E	EIF4EBP1
PSMA3	PSMA6
CXCL2	CXCR2
PSMA6	PSMD6
BTRC	CTNNB1
CTBP1	BRCA1
VPS45	RBSN
GATA4	SRF
HDAC4	YWHAE
WIPF1	WAS
ERBB2	ERBB4
HOXB9	SAT1
TBPL1	GTF2A1
HDAC1	MTA1
S100A1	S100B
PIGK	ALPP
CDC7	ORC6
BAX	BAK1
TRAF2	RIPK2
PDCD6IP	PDCD6
MED28	MED30
ZW10	ZWINT
SMAD4	SP1
PIK3R1	EPOR
MPHOSPH6	SKIV2L2
CXCL1	CXCR2
IGF2	IGFBP1
CCL15	CCR1
EGFR	NCK1
YWHAG	AFDN
EP300	MEF2A
GDF11	ACVR2B
SSTR4	CORT
BFSP1	VIM
LDB2	RLIM
CDK9	CCNT1
WWP1	KLF2
EGFR	SOS1
IL4R	JAK3
RANBP2	UBE2I
HSPA8	STUB1
CORT	SSTR3
MAP2K4	MAP3K4
POLR2F	POLR2A
MMP9	CXCL5
BNIPL	GFER
TRIM28	CEBPB
TINF2	TERF2IP
SP100	UBE2I
APAF1	NLRP1
BAIAP2	YWHAG
MEF2D	MEF2A
CALCOCO2	SRI
TAF10	TAF5
PCNA	ING1
NCK1	MAP4K4
PPIA	PPP3R1
YWHAE	IRS1
CASP3	PARP1
RAN	RANGRF
PRMT1	HNRNPK
SMAD2	TGFBR1
PLEKHF2	MBIP
RPS6KB1	MTOR
MAF	MAFB
BMPR1B	BMP4
NFKBIE	NFKB2
TCEB2	TCEB1
HDAC2	BRMS1
LAIR1	PTPN11
ATXN1	UBQLN4
KCNA4	KCNA2
RBM48	TK1
STAT1	EGFR
ETS1	DAXX
SP1	KLF10
RABEP1	YWHAG
RNF5	CFTR
WASF2	NCKAP1
EGFR	ERBB3
GTF2H1	ERCC2
ZFPM1	GATA1
ORC2	MCM10
PARD6A	PRKCI
SEPT11	SEPT2
COPS6	COPS3
VEGFA	PGF
VAMP8	STX7
HSPG2	GRN
ING4	RELA
EED	EZH1
ENC1	RB1
ITGAV	CYR61
MAPK1	BCL2
CCR3	CCL13
VHL	FN1
ITSN1	SOS1
ARVCF	ERBIN
RAD51	RPA1
FYN	SYK
SH2B1	JAK2
YBX1	CTCF
COL8A1	COL8A2
AR	RB1
PSMD7	TRAF6
GABARAPL1	ATG3
CD151	ITGA3
SEPT11	SEPT5
CRYAA	MIP
ERBB2	CTNNB1
COPS5	COPS7A
PRL	PRLR
ERO1A	P4HB
EDC4	DCP2
ATF5	CEBPG
STAM2	RNF11
FGF6	FGFR2
RRAD	CAMK2G
DRD2	PPP1R9B
SUV39H1	HDAC2
CNTN2	L1CAM
PDIA3	CANX
NRL	CRX
APPBP2	NFYA
CBX7	RING1
RUNX1T1	CBFA2T3
ERBB2	ERBB3
UBE2D3	TRIM39
PSMD4	RAD23A
SRC	SYK
SP1	PSMC5
PDZK1	PDZK1IP1
COPB1	KDELR1
DOCK2	RAC2
ACTG1	BCAP31
SRC	KHDRBS1
CXCR3	CXCL9
ITGAV	MMP2
CDKN1A	CCND1
KPNB1	RAN
PSMA6	PSMD7
CCT5	SSSCA1
EIF4E	EIF4EBP2
HDAC1	E2F1
PSMC3	PSMD6
MDC1	TP53BP1
NR5A2	NR0B2
RBL2	E2F5
OGT	TRAK1
SMAD3	SMAD2
PTTG1	ESPL1
ABCG5	ABCG8
NFKBIA	CUL1
CD9	ITGA3
LASP1	MDFI
GRB14	EGFR
POLR2D	POLR2B
SLC9A3R1	PDGFRB
CASP3	BIRC3
VIM	YAE1D1
LCK	CD2
TCF7L1	CTNNB1
ATG7	ATG3
MAP2K2	ARAF
ARHGEF7	GIT2
XPA	ERCC1
ABI1	EPS8
ERCC3	ERCC2
LCK	SH2B3
RBPJ	NCOR2
PDPK1	YWHAQ
HDAC1	NCOR2
HIPK2	UBE2I
MED1	THRA
DVL2	ARR3
LCP1	GCA
HIRA	ASF1A
SIN3A	ZBTB16
RARA	NRIP1
PYCARD	NLRP3
IL2RG	IL7R
IFNAR1	IFNAR2
EP300	DDX5
FOS	TBP
UTRN	PGM5
CCNE1	CDK2
CREBZF	HCFC1
EIF3A	EIF3F
CUL1	RBX1
YWHAG	CLASP1
NUP107	NUP133
YWHAG	PPFIBP1
ABCD2	PEX19
PYY	NPY2R
VAV1	PLCG1
CTNNBL1	CWC15
PSMD4	PSMD13
PDCD6IP	CEP55
PLEKHF2	CHIC2
MAP3K7	SMAD6
CDC73	CTR9
SHC1	INSR
PDE4A	LYN
CCNA2	CDKN1B
RAD21	SMC3
RBBP8	ATM
ELANE	ELN
PSMD13	PSMA1
ARL2	PDE6D
PTF1A	TCF12
TNFRSF13B	TNFSF13B
TRAF1	BIRC2
IFNAR1	STAT2
RUNX1	CBFA2T3
ICAM3	EZR
NCBP2	NCBP1
CTNNB1	CCND1
FES	BCR
NTRK1	NGFR
CCDC53	NUP62
SRGAP1	RHOA
SFPQ	TOP1
XRCC6	HOXC4
RAB2A	GOLGA2
SMAD2	RAN
SF3B4	SF3B2
CEBPA	CEBPE
LRP1	A2M
EXOSC7	EXOSC6
FYN	PAG1
PIK3CB	PIK3R1
HDAC1	TOP2B
PEF1	PDCD6
ITK	KHDRBS1
STX8	STX7
CDK8	MED12
UQCRC2	UQCRC1
EGFR	CDH1
POMC	MC1R
BACH1	MAFG
TNFRSF1A	PSMD2
CD1B	B2M
PRF1	GZMB
GNGT1	GNB1
DAXX	HSPB1
RPA2	XPA
SENP8	NEDD8
LAMA5	COL7A1
FLI1	GATA1
PAFAH1B1	PAFAH1B2
EIF3A	EIF3I
RHOQ	WAS
CXCL8	CXCR2
EP300	NCOA2
ATF4	CREBZF
JAK2	SH2B2
CHP1	SLC9A3
PRKAR2A	MAP2
EFNA1	PPBP
CCR1	CCL7
HMOX2	CEP126
ATF4	BATF
CTNNB1	PTPRU
EIF3H	EIF3G
YWHAB	CBL
EIF3J	EIF3B
CIAPIN1	GLRX3
PCNA	DSCC1
DLG4	DLGAP2
EGFR	CBL
PLCG1	SOS1
TIMM10	TIMM9
ADD1	SPTA1
RUVBL1	CTNNB1
CCNE1	FBXW7
LBR	YWHAG
CNOT2	CNOT3
PCNA	CCND1
SGK1	NEDD4
EIF2B2	EIF2B4
TAX1BP3	CTNNB1
CLU	LRP2
ITGB1	ITGA10
TCERG1	SF3A2
EGR1	EP300
ORC4	ORC2
HSPB8	HSPB7
DBP	BATF3
ERBB2	GRB7
RBBP7	BRCA1
PROS1	F5
CDH5	CTNNB1
ITGAV	ITGB3
APP	KAT5
SMARCA5	CHRAC1
ZNF439	MDFI
CDKN2C	CDK4
BCL10	CARD10
MYOG	SRF
TLE4	PAX5
GRK2	PRKCB
RBL1	HDAC1
MAP4K4	SLC9A1
IRS1	PTPN11
NUP62	XPO1
PSMA2	PSMD6
MFAP1	YWHAG
TBK1	TMEM173
SLC3A2	ITGB1
SKI	SMAD2
SCAP	INSIG2
PROC	PROCR
IRS2	PIK3R1
DTX3L	UBE2D2
RPS10	HAP1
MYC	NMI
EGFR	HGS
TNFSF13B	TNFRSF17
RAD17	ATM
SH2D3A	EGFR
MYB	NLK
UBE2D2	TRIM39
ACTR2	ACTR3
HIPK2	SUMO1
IRS1	PIK3R1
RPL10	YES1
SAP18	SUFU
ITGA3	TSPAN4
CRYAA	CRYAB
GTF2E1	GTF2H1
TBP	HTT
CHMP4A	SYT17
TUBA1B	HDAC6
XIAP	CASP3
TBK1	HSP90AB1
ITGB2	ITGAM
PNN	SRRM2
CBX6	RNF2
HSPG2	FGF2
APC	PPP2R5A
GRAP2	GAB2
APP	CASP8
TRAF6	MAP3K7
TCERG1	SF1
MMP9	LCN2
AHSG	FBXO2
MAPT	YWHAB
TNFSF12	TNFRSF12A
BLM	RMI1
TUBGCP4	TUBG1
LCK	CBL
HIST1H3J	CHAF1B
WDYHV1	NME1
PRPF6	ARAF
TNKS	TNKS1BP1
RAB11A	RAB11FIP5
UTRN	SNTA1
PSMC2	PSMD4
IL1R2	IL1A
PSMD4	PSMA7
MAPK14	MEF2C
GEMIN6	SNRPE
NUCB1	GNAI3
COPS6	TK1
MAPT	S100B
TCF3	HAND2
THBS1	LRP1
FYN	KHDRBS1
RAB25	MYO5B
ITGB2	ITGAX
RMDN3	YWHAB
KPNB1	NUP153
JAK1	IL10RA
BMPR1A	BMPR2
YWHAG	LUC7L3
PROS1	C4BPA
RAN	XPO5
PSMD11	PSMD6
CALR	PDIA3
BCL9	CTNNB1
PLAU	SERPINE1
XPO1	CIITA
CSF2RB	JAK2
YWHAQ	CDKN1B
PAK3	CDC42
CAV1	SRC
PEX1	PEX6
IKBKB	MAP3K1
EPRS	RARS
PEX19	PEX3
CDKN1B	XPO1
S100A4	S100A1
IL6ST	OSM
COIL	SMN2
EPHA2	EFNA5
IL3	IL3RA
NOLC1	YWHAG
EIF3A	EIF3H
FER	CTTN
FOSL1	JUNB
CCNA2	BRCA1
KAT2B	IRF1
RAP1GAP	RAP1B
RXRB	SPOP
TBP	BTAF1
CD40	TRAF5
RUVBL2	CTNNB1
SFN	MARK3
SERPINI1	PLAT
CCS	SOD1
ITSN1	CDC42
LSM6	LSM2
CDH5	CTNNA1
TRAF6	USP7
TNFRSF11A	TRAF5
IKBKG	BIRC2
HOXB9	MDFI
STRAP	TGFBR1
DNM1	NCK1
RBL2	HDAC1
GTF2E1	TBP
SNAPC4	POU2F1
CFTR	DNAJA1
JUNB	BRCA1
MAP2K5	PRKCI
EIF4G1	EIF4E
CARM1	RELA
CD40	TRAF3IP2
SKP2	CDK2
RGS2	VPS29
EDF1	TBP
CDC16	ANAPC10
RGS16	GNAI3
GSK3A	YWHAG
S100A1	S100P
SH3BP4	YWHAG
GTF2B	GTF2F1
TNNI1	TNNC1
TNFRSF1A	JAK1
TRAF6	IRAK3
CRMP1	DPYSL2
MBP	MAPK1
BCAR1	CD2AP
SMAD3	SKIL
TNFRSF1A	TRADD
WASF1	NCKAP1
PDE6D	RPGR
FADD	RIPK1
EP300	GTF2B
U2AF2	TCERG1
ACTB	CCT2
ATF2	CEBPG
HSD17B14	NUDT18
SMAD1	PSMB4
NDN	E2F1
EGR1	NAB2
TSC1	TSC2
PLEKHO1	SMURF1
NELFE	NELFB
BAX	BCL2L1
HSPB8	HSPB1
EFNB2	SDCBP
SUMO3	UBE2I
ANXA11	PDCD6
EEF1G	EEF1B2
SMAD3	SMURF2
MAL2	TPD52
EIF3L	EIF3D
RAD51	SUMO1
POLR2J	POLR2C
PTK2B	GRIN2A
HOXA9	TRIP6
PRMT1	FUS
MAP1LC3A	NBR1
GTF2F2	GTF2B
SP1	E2F2
SKP1	FBXO32
POP4	POP5
APLF	XRCC5
CDK4	BRCA1
GIT1	PPFIA2
PCNA	DHX9
IKBKG	IRAK1
ARIH2	UBE2L3
MET	PTPN11
AIMP2	KARS
MMP3	TIMP1
EIF4EBP1	MTOR
NAE1	UBE2M
PSMD11	PSMD13
NT5C2	NUDT18
EIF4EBP1	RPTOR
EIF2S2	EIF5
RABGGTB	RAB3A
APBB1	ENAH
ITGA4	ITGB7
NTRK1	ABL1
PSENEN	APH1A
UBQLN4	UBQLN1
IRF1	IRF8
VCL	BIRC6
RBPJ	NOTCH1
MMP9	COL1A2
SRF	CEBPB
TCF12	ID2
UPF2	SMG1
TRAF2	TRAF6
TRAF2	RAD23A
GRAP2	KHDRBS1
RGS19	GNAO1
EXOSC1	EXOSC5
TAF13	TAF10
MTNR1A	GNAI3
CYTH1	CYTIP
MMP9	THBS1
BAZ1B	SMARCA5
TBK1	TRAF2
ALB	APOE
NFKBIA	RELA
RPA2	RAD52
FOS	RB1
AMFR	UBE2D2
APLF	PARP1
KMT2A	RBBP5
HDAC2	MXD1
HSPA5	DNAJC10
METTL1	WDR4
INPPL1	EGFR
RFXANK	RFXAP
RUNX1T1	NCOR2
DSC1	JUP
CDC42	CDC42SE1
ANXA11	S100A6
LYN	CD24
PSMD11	PSMD10
PLCG1	LAT2
SDC1	PTN
C1QA	C1QB
TRAF3	TRAF3IP2
PLCG1	SYK
SLC9A3R1	MSN
NECTIN1	AFDN
EGFR	STAT5A
STT3B	RPN1
PAXIP1	TP53BP1
PCNA	DNMT1
EIF3A	EIF3J
GSK3B	NIN
MAPK8	ELK1
SERPINA3	CTSG
CCR6	CCL20
EIF3J	EIF3D
CA2	SLC4A1
IL2RA	IL2
PTPN6	JAK2
BRCA1	FAM175A
NRIP1	HDAC3
GAB1	GRAP2
CASC3	EIF4A3
SP1	HDAC1
REV3L	MAD2L2
STAT3	CREBBP
SUMO1	SMAD4
CCDC90B	TK1
GHR	PTPN11
NPR3	NPPC
IL2RB	IL15
RALGPS2	YWHAG
PDK1	RPS6KB1
LAMA2	DAG1
SMAD3	SMAD4
PPP5C	GNA13
FBXW11	BTRC
BATF	CEBPE
ITGB1	ITGA9
ZFAND6	TRAF2
SLC9A2	CHP1
COPS5	COPS3
MCRS1	CCDC85B
NTRK2	BDNF
ATP5B	ATPAF1
XAB2	PPIE
CREBBP	JUN
DYRK1B	DCAF7
SLC3A2	SLC7A7
IFNAR1	IFNB1
TNFRSF11B	TNFSF11
GDF5	BMPR1A
PLCG1	SH3BP2
ING5	MCM6
THRA	NCOR2
RBL1	E2F4
IPO7	RAN
SMAD3	TFE3
RANGAP1	RAN
TIMP2	MMP14
EP300	JUN
BECN1	BCL2
TAF10	TAF6
PPP2R2A	PPP2R1B
WDYHV1	RABAC1
GEMIN7	SMN2
SHC1	GAB2
GTF2I	BTK
FOSL1	CEBPG
TNNI3	TNNT2
CDK4	CEBPA
SRP68	SRP72
CASP3	HSPD1
CRYBB2	CRYGC
RBL1	MYBL2
FMR1	NUFIP1
TBP	RB1
IRF8	IRF2
S100A8	S100A9
IL2	IL2RB
HSPA5	EIF2AK3
CAV1	TRPC1
EPRS	AIMP2
CDKN1A	CDK2
FRS3	FGFR1
ACTB	EMD
TSC2	YWHAG
EGR1	NAB1
RUVBL1	RUVBL2
TANK	TRAF1
MDFI	ZNF707
PPP2R1B	PPP2R5C
SKI	SNW1
TNFRSF1A	SUMO1
CLTC	ARR3
PUF60	YWHAG
SYNCRIP	EPRS
HDAC2	SP1
SMAD2	ERBIN
FHL2	ITGA7
PRKCI	PARD6G
PIN1	BCL2
NLRC4	NOD2
PSMA1	PSMA4
COPZ1	COPG1
MAX	MXD4
HDAC2	RCOR1
CSE1L	RAN
ZNF74	POLR2A
NLRC4	PYCARD
PLXNB1	MET
PEX13	PEX19
ERBB3	PA2G4
SLU7	PPIL3
EIF3F	EIF3M
MCM2	MCM3
GANAB	PTPRC
TRAF1	TRAF2
KLRK1	MICA
FADD	CFLAR
CRYAB	HSPB1
SHC1	RET
RARA	RXRB
TRAF2	RIPK1
NCSTN	APH1B
KAT2B	MECOM
ARF6	CYTH2
CTNNB1	PTPRJ
SLX1B	SLX4
RHOA	CNKSR1
ROCK1	RHOA
EIF3A	EIF3G
AMBP	A2M
CLTC	AMPH
EPHA2	EFNA1
MYOD1	JUN
EIF4A1	PDCD4
HOXA9	MEIS1
JUNB	FOS
VAV1	SYK
POLRMT	TFB2M
RPA1	XPA
PSEN1	APH1A
RAB5A	APPL1
POP4	RPP38
UBE2N	RNF11
STX1A	SNAP29
ITK	LCP2
CRKL	GAB1
ERBB4	STAT5A
DYNLL1	BCL2L11
DIS3	EXOSC2
PAK1	NCK1
FRMD6	YWHAG
IL22RA1	IL22
CD33	PTPN11
IKZF3	UBE2I
TBP	JUN
SPI1	CEBPA
ATF3	JUND
TCEB1	USP33
SP1	HTT
CD9	ITGB1
NFKBIE	PPP6R2
UBA2	UBE2I
HSPE1	HSPD1
ILK	LIMS1
MYC	SP1
PSMA1	PSMD6
XRCC6	POU2F1
NXT1	NXF3
MCM4	ORC6
KAT5	PDCD5
CRTC2	YWHAG
GADD45A	CDK1
PSMB1	POMP
IL10	IL10RB
RPA1	BLM
WIPF1	WASL
C3	CFB
YWHAQ	CBL
USP6NL	EPS8
VPS25	CHMP6
TAF10	TBP
FGF1	FGFR1
TPD52L2	TPD52
CTNNB1	PKD1
TAB2	IRAK1
E2F4	RB1
STAM2	HGS
YWHAB	SLC9A1
DIS3	EXOSC8
YWHAG	PRPF4B
APEX1	PCNA
CNOT7	BTG2
EGFR	EGF
COMMD1	CUL2
PCNA	CCNO
BAG3	PLCG1
FYN	ADAM15
PAX6	IPO13
CEP97	CCP110
MAX	MXD1
CDC20	PTTG1
SKP1	FBXO6
TRADD	FAS
MED20	MED18
EED	PPP1R8
LRCH4	MDFI
EP300	RELA
PCNA	CDT1
CXCR1	CXCL1
BIRC2	CASP9
PRPF40A	FMNL1
SRSF10	TRA2A
EML3	YWHAG
EGFR	SH3GL2
FBXW11	CDC25A
TRAF1	TNFRSF12A
EZR	PALLD
DLAT	PDHA1
KHDRBS3	SIAH1
RIN1	RAB5A
MSH2	MSH6
RGS19	GNAZ
FICD	HTT
POLA2	POLA1
EP300	SMAD1
MAX	MXI1
PSMD11	PSMD4
EP300	YY1
CXCR1	CXCL6
CUL7	RBX1
KRT18	KRT8
ACVR2A	INHBB
TAF10	ATXN7
CREBBP	HTT
TK1	UNC119
HLA-G	B2M
SAV1	STK3
NTF4	NGFR
CDC20	AURKA
SNRPD2	LSM2
EIF3L	EIF3A
CDH2	JUP
POLH	REV1
EIF4G1	PABPC1
TNFAIP3	TNIP2
PCNA	HDAC1
VCP	TRAF6
CCL2	CCR2
MBD3	HDAC1
EZR	L1CAM
RBM8A	EIF4A3
MAPK8	HRAS
FYN	SKAP1
YWHAG	ARAF
BAX	BCL2
EFNB2	NCK2
ILK	PARVA
FYN	IL7R
MYH10	BCAP31
SRC	TRAF6
COPB1	COPG1
HCFC1	POU2F1
CDK1	CDC6
EIF2AK2	EIF2S1
PTPN6	BTLA
SMAD3	EPAS1
STAT5B	INSR
GRAP2	STAMBP
IKBKB	MAP3K3
ACTN4	TRIM3
PEX14	PEX13
TFDP1	E2F1
NUMB	NOTCH1
GSK3B	SGK3
POLR2G	POLR2A
CHP1	SLC9A1
IFNGR1	IFNG
LYN	PAG1
RARA	UBE3A
PCNA	MSH2
BIRC2	TRAF2
MAX	MNT
UBE2L6	UBE3A
IL7	IL7R
RAPGEF4	RIMS2
TP73	ABL1
LY86	CD180
GAB1	PIK3R1
PCNA	POLH
WWP1	CPSF6
VAV1	SOCS1
CD3E	PIK3R1
SMAD1	BMPR1A
SMAD3	FOXO3
NFKBIA	PTPN13
GSPT2	ETF1
BARD1	POLR2A
NFE2L1	MAFF
MAPK8	JUNB
EIF4EBP1	ATM
NUDT18	RABAC1
LSM2	DNAJA1
MAPKAPK2	MAPK14
BRCA1	ATM
PSMC3	PSMC6
RHOA	DIAPH1
HSPG2	NID2
TNFRSF1A	BAG4
BLNK	CD79A
RACGAP1	YWHAG
CNTFR	IL6ST
EGFR	AREG
CBLB	EGFR
UBE2I	JUN
BAX	BCL2L2-PABPN1
ZW10	ZWILCH
ARL6IP1	FXR2
SLC9A3R1	NF2
SQSTM1	SNCA
TRAIP	TRAF1
NSF	GOSR1
TRAPPC2L	TRAPPC3
SPI1	GATA2
DRD3	FLNA
SQSTM1	PRKCZ
KHDRBS2	RBMX
HDAC1	ZBTB16
RELA	RELB
SH2D4A	DBNL
GTF2E2	ATF7IP
TXNL4A	RHEBL1
APP	TGFB1
PARP1	PRKDC
PTPN6	PTK2B
MSX1	TBP
SAV1	STK4
SH3GL3	RPL35A
ARNTL2	CLOCK
IL12RB2	STAT4
HMG20B	VIM
AR	TMF1
PSTPIP1	WAS
EMD	BANF1
AR	NCOA2
ATF3	CEBPG
EGFR	MUC1
SRC	PTPRA
NAA15	NAA10
KPNA2	RELA
RB1	CCND1
GABRG2	GABARAP
DAB1	LRP1
TRIP13	MAD2L1BP
ZNF8	SMAD1
SPTB	SPTA1
STX4	VAMP2
EXO1	PMS2
IPO5	RAN
HSD17B14	WDYHV1
TANK	IKBKE
BAD	YWHAB
UBE2B	RAD18
EP300	KAT2B
LSM2	LSM7
BIK	BCL2
YWHAE	MAP3K3
DBP	DDIT3
TOP1	SUMO1
EPRS	KARS
PNRC2	DCP1A
CREB3L1	CREB3
MED14	MED1
POU2AF1	POU2F1
CCL15	CCR3
ARID2	SMARCE1
NBN	RAD50
AFF1	MLLT1
RANGAP1	SUMO2
AP2A1	HIP1
LMO4	BRCA1
IL12B	IL23A
MITF	TFE3
IRS1	PIK3R3
MAPK9	JUND
FKBP1A	PPP3CA
ASF1B	TLK2
VCP	NFKBIA
EIF3C	EIF3A
PROC	SERPINA5
RUVBL1	KAT5
LSM6	LSM7
IRS1	IKBKB
ARHGDIA	RHOA
SUV39H1	DNMT1
NES	CDK5R1
FCGR2A	SYK
CHUK	IKBKB
TERT	SMG6
BIK	BCL2L2-PABPN1
EZR	MSN
ITCH	NUMB
SUMO1	PIAS1
POLE3	CHRAC1
MEP1A	MEP1B
TCERG1	SF3B2
HSPA8	HSPBP1
KIT	LYN
SRC	DNM1
GADD45A	CDKN1A
HDAC2	CDYL
JAK1	STAT3
SLC9A3R1	NOS2
ARFGEF1	ARFGEF2
SLC9A3R2	CFTR
RAD23B	XPC
ERCC6	ERCC8
RB1	AATF
ARHGAP1	RHOA
KHDRBS1	NCK1
KLK2	SERPINA3
SNRPD3	SNRPB
HDAC1	KDM1A
EP300	ETS2
CD47	THBS1
TCERG1	HTT
MAP2K4	MAP3K1
CHMP4A	PDCD6IP
CDC16	CDC27
SELPLG	SELP
IL18	IL18R1
PRKAA1	PRKAB1
CBX1	CHAF1A
CUL1	CHEK1
NFKBIA	ARRB1
TRAF2	TRADD
ITGA4	ITGB1
HYPM	HTT
ARPC4	ACTR2
IRS1	INSR
BRAF	YWHAH
SOS1	NCK1
CTNNBIP1	CTNNB1
GADD45A	PCNA
IGF1R	IRS2
C10orf62	MDFI
DAAM1	DVL1
RYR1	TRDN
NCOR1	TBL1XR1
LSM1	LSM6
COPS8	COPS3
TRIM63	TRIM54
TSC22D4	NRBP1
HMGB1	TBP
PSMC1	PSMD2
SRC	CBL
MYOD1	RB1
GTF2A2	TBPL1
SMAD3	CREBBP
CHUK	NFKBIA
BTRC	NFKB1
SOCS3	JAK2
DAZL	DAZ1
DSP	JUP
PTPN6	TYK2
MAPK8IP1	MAP2K7
TIMP4	MMP2
CD1A	B2M
SNAP25	HGS
SMAD3	JUNB
SRC	PIK3R1
NEDD8	UBE2M
MAPK8	MAP2K7
PTPN6	EPOR
IKBKG	MCM7
NCOA3	E2F1
PCNA	FEN1
ERCC3	BCR
POLR2E	POLR2G
CDK4	CDKN1B
PSMD4	PSMC5
CRKL	MAP4K1
NCAPH	SMC2
CFLAR	DEDD
VPS18	VPS33A
HCFC1	CREB3
FGR	SYK
PPP4C	PPP4R3B
SNRNP200	YWHAB
GHR	PIK3R1
POLK	REV1
ERBB3	NRG2
SYTL4	RAB8A
RING1	CBX4
LRPAP1	SORL1
BAP1	HCFC1
PSMD4	ADRM1
FADD	CASP8
KCNQ2	KCNQ3
LAT	PIK3R1
TRIM28	TRIM24
ITK	CD28
RNF2	PCGF2
CRX	ATXN7
GAB2	PIK3R1
SKP1	SKP2
MYCN	MAX
PSMB1	PSMB3
KLHL12	DVL3
EXOSC9	EXOSC2
POLR2H	POLR2A
YWHAG	SRRM1
PSMC1	PSMD6
RFC5	RFC4
PIK3R1	CSF2RA
BECN1	ATG14
CRKL	STAT5A
PSMB5	PSMA2
SOCS3	TCEB1
ELK1	SRF
SMURF2	SPG20
PHF21A	KDM1A
WWTR1	YWHAE
RPA2	RPA1
SIRT6	CHD3
HDAC2	SMARCA5
ATF4	DDIT3
BAD	BCL2
MAP3K11	MAP4K1
CCR8	CCL1
SMAD2	UBA52
IKBKB	HNRNPU
GATA3	LMO1
CERS2	ATP6V0C
TNFAIP3	LAPTM5
CDC37	HSP90AB1
GTF2I	SRF
GNAQ	GRK2
MORF4L2	MRFAP1
SNRPD2	EGFR
EGFR	BTC
HDAC2	RB1
LRP6	WNT3A
NFIL3	DDIT3
BLM	MLH1
HRK	BCL2
JAK2	SOCS1
THBD	F2
EXOSC2	EXOSC5
SGTA	PTN
SMAD2	ZFYVE9
TRAF6	TAB3
RAB5A	EEA1
BATF3	JUNB
IRS1	MTOR
BATF3	DDIT3
FOXG1	KDM5B
TGM2	FN1
E2F1	TFDP2
TLN1	VCL
ABCD3	ABCD1
TMPO	LMNB1
PTPN6	PIK3R1
PIK3R1	PTPN11
POMC	MC5R
LDOC1	NRIP1
SNRPD2	SNRPE
DMRTB1	IL16
PCNA	CDKN1A
NFKBIE	PPP6R1
EPHA5	EFNA3
XIAP	RIPK2
QARS	RARS
CFB	CFP
POLR1E	POLR1C
CLTC	HGS
MDFI	SLC25A10
COPS6	RPL15
SP100	SUMO1
TGFB1	LTBP1
CD58	CD2
CASP10	CASP8
KHDRBS3	KHDRBS2
UPF1	DCP2
SOCS3	TCEB2
FYN	WAS
TNPO1	RAN
KIAA0930	YWHAG
CD59	C9
CFAP20	YWHAG
CDC42	WAS
YBX1	HNRNPK
ELK1	SUMO1
CUL1	E2F1
NTN1	DCC
ZDHHC17	HTT
CIB1	PLK3
KIT	PLCG1
CHMP4B	CHMP6
DSG2	JUP
CBFA2T2	RUNX1T1
PPP1R13L	PPP1CA
WAS	WIPF2
CLTC	HIP1
ATOX1	ATP7B
UCHL3	NEDD8
TCP1	CCT5
COPS5	COPS6
TSC2	YWHAB
TAF9	TAF12
ITGB2	ICAM1
RPS6KA4	CREB1
NTF3	BDNF
FLOT2	FLOT1
MAPK1	JUN
MAF	FOS
IKBKG	MAP3K14
VPS4A	CHMP1A
TAF4	TAF12
KMT2A	MEN1
TRAF6	CYLD
MAD2L1	MAD2L1BP
GSPT2	PABPC1
MAML1	NOTCH1
EGFR	ATP5C1
WASL	NCK1
CTBP2	ZFPM2
RPP38	POP1
CCL3L3	CCR5
CDH5	JUP
GPRASP1	OPRM1
GADD45G	CDKN1A
CSF1R	CBL
CASC3	MAGOH
SQSTM1	GABARAPL1
PPP1R2	PPP1CC
DLAT	PDK3
EIF3C	EIF3E
ASCL1	MEF2A
IL18RAP	IL18
FBLN5	LOXL1
BMPR1B	TGFBR1
CCR5	JAK2
IGF2R	GGA2
LDLR	HSPA5
SKI	SMAD4
CEBPB	CEBPA
VPS18	STX7
AES	SIX3
SIAH1	DCC
APC2	CTNNB1
ZBTB32	RHOXF2
VCL	CTNNA1
ATF5	CDC34
KCNJ9	KCNJ6
IGFBP1	IGF1
CASP3	CASP8
ATF2	RB1
GEMIN6	GEMIN7
TBP	SNAPC2
ATF4	CEBPE
FYN	CD2
NR1I2	NCOA1
ATF2	BATF
PKN2	NCK2
EGFR	VAV3
IKBKG	TBK1
ALB	FCGRT
COPZ1	COPB1
EPHA4	EFNB3
KIF5B	YWHAG
EPHA7	EFNA5
PEX14	PEX19
MAP3K14	TRAF2
FRAT2	GSK3B
TNFRSF12A	TRAF2
KAT2B	CTBP1
FGF7	FGFR3
IL10	IL10RA
CAND1	RBX1
VAMP7	AP3D1
APTX	PARP1
RBBP4	RB1
ARHGAP1	CDC42
DNMT1	RB1
GTF2H3	ERCC3
FASLG	FNBP1
NOD2	RIPK2
FCER1A	FCER1G
ICAM1	ITGAL
MAP2K7	MAP3K11
IL12B	IL12A
CCNE1	CUL3
LCK	PIK3R1
HDAC2	YY1
ISG15	UBA7
POMC	MC4R
SP1	CEBPB
PQBP1	WBP11
SYT11	APPBP2
XRCC6	WRN
NES	CDK5
NEDD8	CUL3
LDOC1	FXR2
APC	ARHGEF4
EPS15	EGFR
MAPK8IP1	LRP1
SUMO1	SENP6
TRIM33	SMAD4
LRP8	LRPAP1
BAX	BCL2A1
DSG1	JUP
AGO2	AGO1
PBX2	PKNOX1
RORA	PSMC5
MORF4L1	KAT5
PLCG1	CBL
SH3BP5L	YWHAG
ATF4	HAUS7
BRCA1	E2F1
CALR	APOB
NUTF2	RAN
PKD2	DIAPH1
CHML	RAB5A
CDC6	ORC2
IKBKG	CDC37
DAZAP2	BATF2
MAZ	DCC
SKP1	FBXO7
PTPRK	TK1
EXOSC4	SKIV2L2
RBBP7	RB1
HR	HDAC1
GSPT1	UPF1
JAK3	STAT5A
HDAC1	SAP30
PCNA	RFC1
PIK3R1	ARAF
MAPK1	MAP3K1
APP	APOE
AFF4	CCNT1
IRS2	YWHAG
ATF4	CEBPG
TSG101	CEP55
POLR2H	POLR2C
BECN1	PIK3C3
SH3GLB2	SH3GLB1
FANCE	FANCG
CNOT8	CNOT3
PRPF19	YWHAG
MAP3K5	MAP3K6
SIN3A	HCFC1
UPF2	UPF1
LMO2	GATA1
AHR	ARNT
TNFRSF1A	TRAF2
CTNND1	ZBTB33
CABIN1	MEF2D
GRB10	INSR
NMB	NMBR
LTA	LTB
PSMD8	PSMD4
EIF3L	EIF3K
NFKBIA	NFKBIB
WDYHV1	HPRT1
SREBF1	LMNA
ENKD1	MDFI
PSMD4	PSMD6
STAT5A	EPOR
CLPX	CLPP
SMC1A	SMC3
XRCC6	CLU
BTRC	CDC25A
IGF1R	YWHAG
CD40	TRAF2
FANCC	FANCA
SYNJ1	AMPH
LNX1	MAGEB18
CHM	RAB3A
CEBPB	RB1
EGLN3	EPAS1
ABL1	JUN
ATRIP	ATR
BCAP31	CANX
SLC9A3R1	CTNNB1
ING1	SAP30
PSMA2	PSMA4
NCK1	CBL
PTK2B	CBL
PFKL	PFKM
SKP1	FBXW8
C9	C8A
PSMD10	PSMC5
APP	NUMB
PSEN1	CTNNB1
CBL	BTK
ARHGEF12	GNA13
TRAF3	CD40
UNC13B	DOC2A
CD72	CD5
ARHGEF7	GIT1
EPHB2	EFNB1
EGFR	PLCG1
RHOH	ARHGDIB
RUNX1	CBFA2T2
SPARC	COL1A1
DNM2	SNX9
ZBED1	FANCG
RNF31	RBCK1
CSF1R	SOCS1
UPF2	UPF3A
MDFI	C19orf60
ZCCHC17	SDCBP2
ACVRL1	TGFBR1
CA2	SLC9A1
BRCC3	BRCA1
SGF29	TADA3
ACTG1	ACTB
ITGB1	CD63
NTF3	NTRK3
TIMM44	ARAF
FADD	DAPK1
SOCS3	EPOR
SYK	FCER1G
RUNX1	SUV39H1
C5	C6
TRIM28	CBX5
BCL2L11	BCL2L2-PABPN1
TRAPPC1	TRAPPC3
TAF9	TAF5
KHDRBS1	CREBBP
PSMC2	RAD23A
MAD2L1	UBD
MAP3K7	IKBKB
HSPA8	BAG3
YWHAQ	BRAF
RBX1	UBE2M
SAP30	NCOR2
LSM3	LSM6
PRKAA2	STK11
HSPA8	DNAJA1
BAIAP2	ATN1
RHEB	TSC2
LAMTOR5	ZBTB16
LSM3	LSM2
EP300	SMAD2
PRKCQ	IKBKB
YWHAQ	EPB41L3
CHUK	TRAF2
KDR	PLCG1
SRF	GTF2F1
RALA	RALBP1
NUDT21	CEP126
NUP214	XPO1
BAK1	VDAC2
RAG2	RAG1
TAF12	TAF5
PSMC2	PSMC5
ERCC3	GTF2H1
BMPR1B	SMAD6
ERCC4	SLX4
MAPK8	DUSP16
CTNNA3	CTNNB1
TRA2A	YWHAG
PTPN6	ROS1
SRSF10	YWHAG
SNAP25	SYT1
RTN4R	NGFR
CD2	CD2AP
IGF1R	PIK3R1
CYBA	NCF4
LY9	SH2D1A
CBX5	CHAF1A
CRYGC	HSPB1
GRIN1	GRIN2A
SF3B1	SF3B3
HIST3H3	ASF1A
GUCY1A2	GUCY1B3
TRMT6	TRMT61A
VASP	DMRTB1
PAFAH1B2	PAFAH1B3
GEM	TRIM23
MAP3K5	TRAF6
INSIG1	HMGCR
CCL2	CCR1
BATF	DDIT3
JUP	WDYHV1
PSMC1	PSMD5
IL2RB	IL2RG
FADD	DEDD
NOD1	RIPK2
BRD4	CDK9
APP	BLMH
PCNA	POLE
CRP	APCS
PSEN1	KCNIP3
POLR2D	POLR2C
RAB1A	RABAC1
IL13RA1	TYK2
PSMC2	PSMD10
PAK1	RHOU
PTPN6	PILRA
CCNH	CDK7
RBL1	CCNA2
PTPN6	EGFR
SH3GL3	HTT
ACTN4	PDLIM1
KLHL12	KLHL2
SMAD1	STUB1
RIPK1	TRADD
COMMD1	NFKBIA
TRAF6	SQSTM1
CDC20	MAD2L1
DBP	CEBPG
XRCC6	PCNA
HCN2	HCN1
PSMD10	PSMC1
KHDRBS3	RBM7
GAL	GALR1
GSTM2	GSTM3
PSMD8	PSMD13
IGF2R	PLIN3
IL17RA	IL17A
C1QBP	MMP14
ZFAND2B	DAZAP2
PDGFRA	PDGFA
MYC	ZBTB17
IMMT	MRPL44
FHL2	FHL3
RPS6KA1	MAPK1
ACVRL1	ACVR2A
SMAD4	TGFBR1
YBX1	PURA
ACTR5	INO80
PDIA2	CALR
CDC6	CDT1
CXCR1	CXCL5
ERCC6	ERCC5
PLAUR	JAK1
IL1R2	IL1B
CTNNA1	JUP
SOS2	PLCG1
PSEN1	UBQLN1
BCL10	CHUK
REV1	POLI
PPBP	CXCR2
CLPS	PNLIP
TPD52L1	TPD52
CALCOCO2	SMARCD1
AGO1	DICER1
BDKRB2	ACE
DCP1B	DCP2
CA2	HSPD1
RGS19	GNAI3
MAPK8	GSTP1
PIAS1	UBE2I
MEF2D	HDAC5
PGR	JDP2
COMMD6	COMMD1
EIF4ENIF1	EIF4E2
STAM	STAMBP
DYDC2	NME5
IKBKG	BCL10
CALR	ITGA3
MYT1	PIN1
STRADA	STK11
MITF	UBE2I
TRAF6	PSMD6
FAM96B	CIAO1
CHUK	NFKB1
TCL1A	CALCOCO2
SKP1	FBXO44
SMAD3	EP300
SHC1	CSF3R
HSPA5	APOB
TP53BP1	H2AFX
PCNA	XRCC5
LSM2	SNRPE
PLXNC1	SEMA7A
MIS12	ZWINT
PCNA	MSH3
SPI1	JUN
APC	CTNNB1
FCER1G	GP6
GSPT1	ETF1
CDC25A	PIM1
EGFR	PTK2B
TRAF2	MALT1
IL2	IL2RG
SRSF10	FUS
NUDT21	RPLP1
GNMT	ARRB1
GSK3B	MUC1
AP1M1	LDOC1
DNM2	ITSN1
NFE2L1	MAFG
RAB7A	CHM
ENG	TGFB1
SKP1	FBXO2
FGFR3	FGF2
MED4	MED9
OTUB1	UBE2D2
TSG101	DMAP1
STAMBP	CHMP1A
CHMP1B	STAMBP
B2M	CD1D
SMAD3	RNF111
GTF2E2	GTF2E1
BRCA1	CDK2
SIN3A	SAP30
LSM3	LSM7
EGFR	JAK2
UBE2I	SATB1
FYN	SH2D1A
ITGB1	ITGA5
NCK1	WAS
HDAC1	RB1
TNFAIP3	TRAF6
GCA	SRI
CTBP2	CTBP1
BIRC3	CASP7
IGF1R	PIK3R3
ASF1B	CHAF1A
CRKL	PIK3R2
LCP2	CBL
CDC42	MYO9A
GPS1	COPS3
SNRPD2	SNRPD1
GNA12	ARHGEF12
STX8	VTI1B
PRKCB	LMNB1
TRAF2	MAP3K7
SMAD3	TOB1
TAP1	TAPBP
SMAD1	SMAD4
LCP2	PLCG1
TCF4	CTNNB1
ELANE	SERPINA3
CRADD	RIPK1
HSF1	SUMO1
ITGB2	ICAM4
CD2AP	NPHS1
HOXB1	PBX1
LPXN	HOXA1
STX5	SEC22B
CHUK	NCOA3
LRP8	APOE
RARA	NCOR2
HIP1	HTT
BAD	YWHAQ
PPP1CA	TOR1AIP1
AHR	RB1
PPIA	PPP3CA
ICAM3	MSN
KIRREL	NPHS1
NEK6	NEK9
YWHAQ	FSHR
AR	CTNNB1
STIP1	HSP90AB1
CDKN1B	CCND1
TYRO3	GAS6
HDAC1	E2F4
RBBP4	MBD3
ENG	TGFBR1
ACVR2A	ACVR1B
USP8	YWHAG
PDCD6IP	CHMP4B
PIAS4	SUMO2
ZBTB16	NCOR2
CCL4	CCR5
CASP9	NLRP1
NBN	H2AFX
SUMO1	SENP2
ITGA4	PXN
SERPINA5	PLAU
PABPC1	ATXN2
LPL	LRP1
COPS5	GFER
FOSL1	JUN
CSNK2A1	JUN
ATF4	BATF3
CD200R1	CD200
NFYB	TP73
NCOR1	GPS2
PPP4C	IGBP1
PXN	GIT2
CLNS1A	SNRPB
SMAD3	JUND
EIF3B	EIF3G
CDK4	CCND1
BCL2	BAG1
DDR1	COL3A1
IFNA2	IFNAR1
CEP70	NRIP1
YWHAG	MPRIP
POLR2H	POLR2B
PIN1	POLR2A
ADRB2	SLC9A3R2
E2F4	BRCA1
TRAF1	TNFRSF1B
BRCA1	CREBBP
CDK1	CDC25C
NFKBIA	RELB
CIB1	PLK2
MAFB	FOSL1
MAP3K5	MAP3K7
YWHAG	ANKS1A
MORF4L2	HDAC1
SUZ12	RBBP4
PPP1R12C	MPRIP
IRF3	IRF5
NXT2	NXF3
CEBPG	CEBPE
BIRC7	CASP3
THOC7	THOC5
FANCC	HSP90B1
CDC6	MCM3
MCM2	ORC2
CHMP3	CHMP2A
FGFBP1	FGF2
EXOSC4	EXOSC1
PAAF1	PSMC1
KCTD5	GORASP2
CRKL	SOS1
PSMD12	PSMD13
EFNA3	EPHA4
CDH2	CTNNB1
PDCD6IP	CHMP4C
IL1R1	TRAF6
HDAC2	MTA1
PSTPIP1	PTPN18
CEACAM1	CEACAM8
SIAH1	UBE2I
CRYAA	HSPB1
YWHAG	CLK3
KPNB1	SNUPN
DDX19B	NUP214
CREB5	JUN
GAB1	SOS1
IL2RG	IL15
CBL	BLK
SIN3B	HDAC1
FGA	FGG
UBE2I	FAS
HSPA2	MAP3K3
ETS1	PAX5
VIM	PPL
EIF2S2	EIF2S1
TRRAP	E2F1
IKBKG	CHUK
GRAP2	LCP2
TMEM102	YWHAG
CDH5	KDR
PDCD10	STK25
KDELR1	ARFGAP1
NXF1	NUP98
MDC1	H2AFX
CUL1	FBXW2
CSF1R	PIK3R1
RND1	PLXNB1
HMGA1	CEBPB
DFFA	YWHAG
EP300	KLF5
NDN	NGFR
RALA	EXOC2
TRIM24	CBX5
SEPT2	SEPT5
FOXG1	TLE1
SORBS1	ABL1
RFC5	RAD17
SKI	SIN3A
PHC1	BMI1
FXR2	RABAC1
MPHOSPH6	EXOSC10
CBL	CD5
GMPPA	GMPPB
ITK	WAS
TIAM1	YWHAG
HTRA2	BIRC6
COPB1	ARF1
TNFAIP3	TRAF2
RNF11	UBE2D4
EIF2B5	EIF2B2
ZC3H11A	MLH1
PCNA	EXO1
LIN7B	CASK
SH2D1A	FYB
SDC3	FGF2
RAD54B	PSMA1
CYTH2	ARF1
MBD1	CHAF1A
UBLCP1	PSMD2
GABARAPL2	ATG3
ERBB4	NRG2
SERPINA5	KLK3
ERCC3	GTF2E1
SMAD3	LEF1
YWHAE	CDKN1B
COL4A2	COL4A1
POLR2C	POLR2B
BLM	TOP3A
SP100	CBX5
TNFSF14	LTBR
EIF3A	EIF3K
ATF4	JUN
SRP14	SRP9
CFTR	PDZK1
CALY	DRD1
CUL1	FBXO4
PARK2	SNCA
SRC	PLCG1
PSMA2	PSMA6
PHB2	PTMA
TNFSF10	TNFRSF10A
UPF1	STAU1
PSMB3	PSMA7
TNFRSF9	TNFSF9
MYOD1	HDAC1
RAD21	STAG1
SRP54	SRP19
YES1	NPHS1
RRM1	RRM2
CNOT8	CNOT6
MAFG	DDIT3
PSMA6	PSMA4
NFKBIA	REL
BMP6	BMPR1A
NCOR1	TBL1X
SNAP25	STX1A
CDK8	POLR2A
GORASP1	GOLGA2
IKBKG	CYLD
PKD2	PKD1
EZR	PRKCA
CSNK2A1	SPIB
RBBP7	HDAC1
MAPK8	JUN
LCK	MAPK1
TAF1	CCND1
SERBP1	CHD3
CCL25	CCR9
CDK11B	CCND3
BCKDHB	BCKDHA
RNF11	UBE2D2
CEBPG	CEBPD
PACS1	FURIN
APOE	LRP1
YWHAG	PABPC1
NUDT3	ASB13
UBE2L6	RNF144B
TNFAIP3	YWHAE
TRIM28	CBX1
EFNA1	EPHA1
ITGB1	FBXO2
AIMP2	DARS
IKBKE	HSP90AB1
TCF4	ID2
ANAPC2	UBE2C
BAG6	SGTA
LSM3	LSM5
LCK	CD38
LRPAP1	LRP2
MCM6	CDT1
ATF2	YY1
PARD3	YWHAB
TRAF2	TNFRSF11A
PRMT1	BTG2
PCNA	RPA1
LAMC1	SNAPIN
BRF2	TBP
NMU	NMUR1
FKBP1B	RYR2
ATF2	BATF3
DNMT1	HDAC1
ATF2	JUNB
CDC34	CUL1
RET	SHC3
EPHA2	EFNA3
RPH3AL	RAB3A
ALS2CR12	SULT2B1
RPP14	RPP30
PSMC2	PAAF1
SF3A2	PRPF40A
EDEM1	CANX
TAF10	TAF2
POLR2E	POLR2H
GAPDH	PGK1
GRK2	ARRB1
BAK1	BCL2
SF3A2	HTATSF1
APTX	XRCC1
CSF2RB	IL5
SRGN	GZMB
IGF1R	YWHAB
OSM	LIFR
KEAP1	ETF1
DFFB	DFFA
IFIT1	IFIT3
EXOSC7	EXOSC2
CFLAR	CASP3
SAE1	UBA2
CBX8	MLLT1
UBE2N	TRAF6
PRKDC	ATM
LSM3	LSM10
YWHAQ	PI4KB
RUNX1	ELF4
SMC2	NCAPD2
TPR	NUP98
CTNNA1	AFDN
NEDD4L	UBE2E1
NBN	MDC1
TNFRSF14	TRAF2
CD3E	NCK2
TRAF4	USP7
CDK1	LYN
PIK3R1	CBL
CCND2	CDKN1A
MIB1	DAPK1
CHUK	CDC37
RNH1	ANG
GYS1	GYG1
TFDP1	E2F6
ANAPC10	CDC23
MAPK1	DUSP16
AP1M1	TGOLN2
BRAP	BRCA1
HDAC2	HDAC1
CCR1	CCL23
RICTOR	MTOR
DSC2	DSG2
CCR3	CCL24
MTMR9	MTMR8
OPRD1	GPRASP1
NECTIN2	CD226
CDC42	WASL
RGS14	GNAI3
PSMD2	PSMD5
CASP1	NLRP1
CASP3	HTT
EGR1	JUN
TRAF1	MAP3K14
EIF3A	EIF3E
SUV39H1	HDAC1
RALBP1	RALB
ASF1B	HIST1H3J
JAK1	IRS2
TAF11	TBP
FYN	PTK2B
IL2RA	IL2RB
APP	KLC1
ERBB3	PIK3R1
TRAF2	BIRC3
GTF2E1	GTF2H4
TERT	PINX1
GTF2H5	ERCC3
LNX1	NUMB
ATF4	ATF3
ATF3	DDIT3
PEX5	PEX7
MDFI	AQP5
EPN1	REPS2
SIM2	ARNT
GIF	CUBN
TDG	SUMO1
YWHAQ	RGS3
NUMA1	YEATS4
UPF1	UPF3A
RBL2	E2F1
XRCC6	SIRT1
TEC	KIT
APBB3	APLP2
TIMP2	MMP2
FHL5	DNAL4
SUMO1	RANGAP1
BLZF1	GORASP2
TFDP1	E2F5
RXRB	NRIP1
CBX7	BMI1
BATF3	CEBPG
E2F3	RB1
CEACAM6	CEACAM8
EIF3A	EIF3M
HDAC7	YWHAG
PCNA	MSH6
NCOR1	THRA
GRIA1	HOMER1
SHC1	LYN
KCNJ11	ABCC8
BAX	SH3GLB1
MYOZ1	FLNC
ZYX	LASP1
HDAC2	SIN3A
CXCL5	CXCR2
CAV1	PLD2
PPIG	YWHAG
TNFRSF1A	NSMAF
BATF	CEBPG
SUV39H1	HIST1H3J
CCNA2	CDC6
CSNK1E	PER1
SKP1	SUGT1
MCM2	KAT7
CRYAA	CRYBB2
FANCE	FANCA
SHC1	INPP5D
NCOA2	RARA
CDKN1B	CCNE2
MYH10	IKBKE
BACH1	ATF2
PSMD8	PSMD6
SUMO1	CHD3
FANCG	FANCA
DAG1	DMD
SFPQ	SIN3A
TRIP13	LOXL4
PIAS4	SUMO3
TUBGCP4	SDSL
TNFRSF1A	PIP4K2B
ASF1A	TLK1
SMAD3	TGFBR1
UBE2N	AURKA
SMAD3	AR
EP300	SMAD4
SREBF2	UBE2I
PAAF1	PSMC6
JUND	MEN1
PARK2	UBE2G1
SDC2	SDCBP
STAM	USP8
SRC	DDR2
MECOM	HDAC1
SSH1	CFL1
NFKB1	HDAC1
RING1	RNF2
PDGFRB	PLCG1
ICAM3	ITGAL
CEBPG	CREB3
PLCD1	TGM2
RRAS	ARAF
TNFRSF1A	FADD
RANBP2	RAN
PXN	TUBG1
BRK1	WASF1
CSF2RA	CSF2
HCK	ABL2
EGFR	VAV2
SPI1	TBP
SNW1	NOTCH1
TRAF2	CD27
BRCA1	RAD50
FBN1	FBN2
NSF	NAPA
JUND	FOS
TNF	TNFRSF1B
CDKN3	CDK2
GIT1	HMOX2
CDK1	TSC1
PRKAR2A	AKAP8
RIPK1	RIPK3
PIK3R3	PIK3CA
RPL23	RELA
TCF25	SAT1
PPP6C	IGBP1
PAIP2	PABPC1
DDIT3	JUN
THRAP3	YWHAG
KIF1C	YWHAE
MAD1L1	MAD2L1
HNF1A	PCBD1
YAE1D1	CEP126
SNAPC4	SNAPC2
CXCR1	PPBP
RBX1	CUL3
PPP3CA	PPP3R1
ATR	CHEK1
CDK17	YWHAG
FOSL2	JUN
ASAP1	CTTN
PRLR	PTPN11
TNFRSF1A	TRAF1
GRIN2C	DLG4
PTPN13	FAS
TNFRSF1B	TRAF2
CLSPN	RAD9A
CUL2	VHL
EIF3C	EIF3J
SP1	YY1
SYT1	S100A13
SCTR	SCT
PDZK1	ABCC2
BRCA1	CCNB1
HEXIM1	CDK9
KCNK3	COPB1
PSMB1	PSMD4
NSF	STX8
ING1	HDAC1
ARPC3	ARPC2
TAF10	TAF12
MAP2K3	MAP3K4
CHUK	CTNNB1
NCOR1	BCL6
CSNK2A2	FGF2
VPS25	VPS36
YY1	RYBP
IGF2	IGFBP5
EPOR	SOCS2
IL1R1	IL1B
XIAP	COMMD1
NUDT3	RPLP1
ATF2	CEBPB
GABARAPL1	ATG4B
PSMC3	PSMC5
PIGA	PIGH
COPS5	JUN
PRLR	SOCS2
SIAH2	DCC
PSMA2	PSMA1
SRC	SHC1
PIK3R1	INSR
PAK2	NCK1
UBQLN4	PTN
CYBA	NCF2
PCNA	POLD1
DBP	HLF
PI4KB	YWHAB
JAK3	JAK1
ACTA1	GSN
NBN	BRCA1
BIK	MCL1
TNNI3	TNNC1
IKBKG	IKBKB
SYK	CBL
EIF3D	EIF3G
NGF	NGFR
WWP1	RNF11
EEF1A1	PLCG1
SNRPD1	SMN2
ITGB3BP	ITGB3
JAK3	IL2RG
UBE2I	SUMO2
TFDP1	E2F2
EGFR	PTK6
MUL1	APPBP2
TRAF6	NGFR
VPS37B	TSG101
YWHAB	CDKN1B
COL5A1	THBS1
MYCN	NMI
TAF5	TBP
PAWR	DAPK3
PSMD13	PSMC1
EP300	FEN1
VIPR1	GNAQ
THAP1	NUP62
ITGB1	FLNA
TAF9	DRAP1
KDM5B	PAX9
SERPINA3	KLK3
SLC9A3R2	EZR
DHPS	NIF3L1
VAV1	CBL
AKAP6	RYR2
GIT1	LAMTOR5
ORC2	XRCC5
MAP3K5	YWHAQ
PDCD6IP	EGFR
HOMER1	RYR1
RNF5	UBE2D2
RBL2	E2F4
IL6ST	CNTF
GAB1	EGFR
CETN2	XPC
ACTA1	CFL1
PDCD1	CD274
CDC37	CDK4
CRYAB	CRYBB2
IGF1R	SOCS2
ARL2	TBCD
CDK8	MED25
HSPA5	TG
EIF4G1	MKNK1
NOLC1	CEBPB
GTF2E2	TBP
PARP1	POLA1
SORBS1	AFDN
STAT5A	JAK2
CHD4	HDAC1
KCNJ3	GNB1
FGR	CBL
FOXO3	SMAD4
BRD4	CCNT1
ORC3	ORC2
RBBP8	BRCA1
RGS19	GNAI2
KHDRBS3	KHDRBS1
TP63	TP73
CCND1	CDK2
DPF2	RELB
MAP3K5	TRAF2
TNFAIP3	RIPK1
RBM39	SAP18
SNF8	VPS36
PLCG1	KHDRBS1
RBX1	CUL5
CUL1	FBXW4
MCM6	MCM10
COPS2	IRF8
POLR2H	POLR2L
YWHAE	IRS2
SRC	WAS
PCNA	EP300
POLR2C	POLR2A
PSMA2	PSMD4
ITGAV	ITGB6
CDK12	PRPF40A
CEBPE	DDIT3
TNFRSF1A	CHUK
HSPA8	BAG2
NR4A1	NCOR2
IGF2R	PACS1
VIM	MRPL44
PSMA7	PSMA4
EFNB2	EPHA4
EIF2S3	EIF2S1
TRAF2	TIFA
LEF1	CTNNB1
RELA	IKBKB
EPRS	IARS
JAK2	EPOR
DHX9	POLR2A
VPS16	VPS33A
NCF4	NCF1
SUCLG1	SUCLG2
POU2F1	NCOR2
TRIP6	PPP1R16A
TOP2A	XPO1
FKBP1A	RYR3
PSMD13	PSMA7
MAPK1	KRT8
VAV1	CDC42
EXOSC4	EXOSC7
RPH3AL	RAB3B
IBTK	BTK
GATA4	NKX2-5
ZBTB24	MDFI
SMAD7	TGFBR1
PCNA	LIG1
GPRIN2	SFN
TAL1	LMO1
CLINT1	CLTC
SF1	PRPF40A
DPP4	ADA
MLH1	PMS2
MAPK7	MAP2K5
CTLA4	CD86
EGFR	PIK3R1
FKBP8	BCL2
PIK3R1	JAK2
PLEKHF2	RABAC1
ITPR3	TRPC6
DRAP1	DR1
WRN	RAD52
CORT	SSTR5
NME3	NME1
TNFRSF25	TRADD
RUVBL2	HDAC1
IL17RB	IL17B
TCL1A	AKT2
ZBTB16	PML
SNRPG	SNRPE
VAMP8	STX4
NTS	NTSR1
IRF9	STAT2
GTF2A2	TBP
RARA	NCOA1
BRCA1	RELA
EP300	MYB
RBBP4	SIN3A
TNFRSF25	TNFSF15
BRAF	YWHAG
SLC9A3R1	EZR
WDR5	KMT2A
GEMIN2	GEMIN5
MDC1	BRCA1
RBL2	CCNA2
RIN1	RRAS2
CHMP4B	VPS4A
FBXO31	SKP1
SUMO1	TDP2
CDC20	CCNB1
SMAD3	ZEB2
SKP1	FBXO5
PSMD13	TRAF6
BAD	YWHAH
DAXX	UBE2I
LSM1	LSM4
MMP3	TIMP3
JAG1	NOTCH1
TBL1X	CTNNB1
BAK1	MCL1
BCL10	TRAF2
RGS2	DYNLL1
TFRC	TF
KLK3	A2M
IGF1R	IGF1
PAF1	CDC73
EFNA1	EPHA5
ZBTB21	YWHAG
TNFRSF1A	JAK2
PFN2	VASP
ANK1	OBSCN
GEMIN6	SNRPD3
TNK2	CDC42
PRMT1	ILF3
AKAP5	PRKCA
NPHS2	NPHS1
LSM7	SNRPD3
IKBKAP	SNAPIN
MYD88	TIRAP
RGS5	GNAO1
SF3A3	TCERG1
MAP1A	MAP1LC3A
NBR1	GABARAPL1
GAPDH	HTT
PTPN6	SSTR2
CDK5R1	CTNNB1
TRIM28	ZNF10
ITGB1	ITGA1
PSEN2	NCSTN
YWHAB	MAP3K3
CEBPE	JUN
HDAC4	YWHAG
FNBP1	SNX2
SMAD2	SMURF1
SERPINA4	KLK1
YWHAB	BRAF
COPS4	COPS3
NFKBIB	IKBKB
PEX10	PEX19
SP1	RB1
YWHAG	LUC7L2
COPS6	COPS4
CDC42EP3	CDC42
CFLAR	BCL2L1
CSF1R	CSF1
IL4R	PTPN6
PIK3R1	PIK3CA
OPRD1	GNAO1
SPRY2	CBL
PTPN11	INSR
BAG3	HSPB8
LSR	YWHAG
EIF4G1	EIF4A1
ZFPM2	GATA4
PIAS2	SUMO1
NTRK1	PLCG1
TNFSF14	TNFRSF14
EP300	TCF12
FOSL2	JUND
AKT3	PRKCZ
NUP54	NUP62
DTNB	DMD
NFIL3	BATF
PSMD4	RAD23B
MAFB	FOS
EP300	HNF1A
MED1	CDK8
GGA1	IGF2R
MYB	SND1
SUZ12	EED
PTPN6	KIT
SMC1A	RAD21
AP2M1	AP2B1
STX1A	VAMP2
RHO	GRK5
BAZ2A	SMARCA5
ITGB7	FLNA
CRYAB	CRYGC
NPR1	NPPA
CASP6	HTT
EP300	IRF1
CARM1	EP300
FBXW11	NFKBIA
JAK2	IL12RB2
DSP	PKP4
FASLG	FADD
GRIK2	DLG1
FUBP1	AIMP2
LIN7A	CASK
TAF10	TAF9
MAPT	PIN1
ACKR1	CXCL8
KDM5B	RB1
TSG101	LRSAM1
FASLG	SRC
IKZF3	IKZF1
HMGA1	JUN
GAB1	PLCG1
KIF23	RACGAP1
RBBP8	RB1
MAGEA11	TRMT1
TAF9	RPS14
PRKCB	RASGRP3
MLST8	MTOR
CALML3	MYO10
HDAC2	DNMT1
DEFB4B	CCR6
YWHAG	LARP1
GRAP2	LAT
PRKAB2	PRKAA1
FOS	CEBPG
EFNB2	EPHB1
ARPC3	ACTR3
C3	ITGAX
GTF2E2	GTF2A1
MRE11A	H2AFX
CD2BP2	SNRPB
PRKACA	EGFR
PSMC2	PSMD13
UBE2L3	CUL9
MAPK8	JUND
RFC2	RFC4
HDAC3	GPS2
HLA-E	B2M
VPS25	SNF8
MAP3K14	TRAF6
PI4KB	YWHAG
LSM4	LSM7
SUZ12	EZH2
CBX7	RNF2
PARP1	PARP3
SP1	NFYA
NFKB1	NOTCH1
HCK	WAS
CSNK1E	DVL1
PSMC3	PSMD4
EGLN1	EPAS1
CFLAR	CASP8
CBY1	CTNNB1
SNAP25	SNAPIN
PHLDA1	MDFI
TAL1	LMO2
VTI1B	STX7
ATF2	FOS
COPS5	CDKN1B
COPA	COPB2
BATF3	MAFG
BUB1B	BUB3
TNFAIP3	YWHAB
SPRED1	PPP1CA
SRC	CDCP1
CCNA1	RB1
G3BP1	USP10
BMP1	CHRD
DKK2	LRP6
MAP3K14	MAP3K8
RAB5A	RABAC1
XRCC6	XRCC5
PXN	FN1
FTL	FTH1
TARBP2	DICER1
NKX2-1	RARA
ATF2	JUN
PSMC2	GTF2F1
HDAC1	DNMT3B
PSMC2	PSMD2
RHEB	MTOR
CD3E	NCK1
SMAD1	NEDD4
RMDN3	YWHAG
F3	F7
YWHAG	RABGEF1
IFIT1	EIF3E
GDF5	BMPR2
PPP1CA	RB1
NONO	SFPQ
HCK	PLCG1
SRC	BCAR1
ERBB2	ERBIN
CEBPB	CEBPG
NOTCH3	JAG1
LCK	ADAM15
DHX9	BRCA1
FYN	FCER2
POLR2G	POLR2D
SMAD1	UBA52
CEBPG	DDIT3
CTNNB1	DVL3
FBXO6	CUL1
PGR	KAT2B
BATF	JUN
HSPA4	BAG1
FADD	DAP3
IQGAP1	CTNNB1
ZNF423	PARP1
RAD51	ABL1
CEP72	PCM1
GORASP2	GOLGA2
E2F2	RB1
RHOA	CNTNAP1
CBX1	CBX5
SH3GL3	ATXN2
ATF4	FOS
TGFBR1	TGFB1
PDHX	DLAT
VPS35	VPS29
YWHAE	RIN1
TBK1	TICAM1
PMAIP1	BCL2
MAFG	BACH2
TAF13	TAF11
SRSF1	SRPK2
SNRPF	SNRPE
PAFAH1B1	PAFAH1B3
ATXN3	RAD23B
PSMD13	PSMD14
SUPT16H	SSRP1
CASP3	ATN1
PTPN6	PECAM1
BIK	BCL2A1
SH3GL2	DNM1
CCL8	CCR5
BCL2L1	BIK
COMMD1	CUL1
CBX8	BMI1
CAND1	CUL1
RAB11A	MYO5B
C3	CR2
SMURF2	TGFBR1
LSM1	LSM2
PDCD6IP	SH3GL2
TMED10	TMED2
CHD3	PTN
CDKN1A	CCNB1
SNAP25	STX11
DLL1	NOTCH3
RB1	MDM4
ZAP70	SH3BP2
ADORA1	ADA
TRAF6	TICAM1
CDC42	IQGAP2
GGA1	RNF11
CCNF	CCNB1
COPB1	COPG2
ATF2	FOSL1
EIF3I	EIF3B
AP2A1	EPN1
LTA	TNFRSF1B
VLDLR	DAB1
FADD	TNFRSF10A
RLIM	LMO2
RPS3	RPL9
DLG3	GRIN2A
FAM124B	MDFI
CCNH	GTF2H1
XRCC3	RAD51C
PAK4	YWHAG
UBA3	UBE2M
APP	APBB3
MCM2	CDC7
TADA3	TADA2A
EXOSC5	EXOSC8
CD3E	LCK
EID1	RB1
SCNN1A	NEDD4L
PLK1	PIN1
RAD51	UBE2I
CD2BP2	PRPF6
TGFA	GORASP2
RAD1	RAD9A
MAPRE3	LMO2
IRAK1	MAP3K7
CDKN1A	CREBBP
NFKBIE	NFKB1
SUMO1	TOP2B
SHB	PLCG1
FGB	FGG
FNTA	FNTB
BMPR1A	BMP4
PCNA	PARP1
SNRPB	GEMIN4
DAB1	LRP8
IL1RL1	IL33
TRAF1	BIRC3
F8	VWF
C19orf43	SNRPA
SHC1	PDGFRB
GABARAPL2	ULK1
FMR1	FXR1
MAPK1	RPS6KA3
BRCA1	CCND1
ERCC3	GTF2H4
LBP	CD14
NCOR1	HESX1
POLB	PCNA
PTPRE	KCNB1
GABARAPL2	NBR1
C3	CFP
SKP1	FBXO46
RTN3	RTN4
SMAD3	FOXH1
SMURF2	RNF11
KAT5	NAP1L5
RHOG	KTN1
RAB5B	EEA1
BMPR1B	BMPR2
DYNLL1	GPHN
MAPK9	DUSP16
EP300	BRCA1
RAB3IP	RAB3IL1
ATF2	CEBPA
SORBS1	FLOT1
TGFBR3	TGFB1
GINS4	GINS2
SHC1	AP2A2
XPOT	RAN
CDC20	CDC16
PSMB5	PSMB4
IL2RB	JAK1
HEXIM1	CCNT1
MIS12	CBX5
FANCG	USHBP1
LSM3	SNRPD3
BNIP3	BCL2
TRRAP	ATXN7
GIT1	C8orf33
RFC3	RFC4
APPL1	FSHR
CTBP1	HDAC1
CRKL	PIK3R1
WRN	PRKDC
PAPPA	PRG2
PTPN6	GAB2
PSMD10	PSMC6
CNOT1	CNOT6
STAT3	CCND1
CCL11	CCR3
WRN	RPA1
TRAF1	RIPK2
NT5C2	FXR2
IFIT3	IFIT2
CDK10	ETS2
DCAF7	MAP3K1
UIMC1	FAM175A
BAD	SFN
LCK	KHDRBS1
AGER	S100P
ARHGEF12	RHOA
AP3S1	AP3D1
CSNK1A1	PPP1R14A
EPHA7	EFNA3
EMSY	CBX1
FBXW5	CUL1
GMNN	CDT1
SRRM2	YWHAG
STAT5A	MAPK1
AR	PAK6
DNAJB11	UBR1
RB1	CDK2
TRAPPC6B	TRAPPC3
BMP6	BMPR2
YWHAG	BCLAF1
SRC	PDGFRB
STON2	SYT1
IGF1R	SOCS1
PDCD6IP	TSG101
TAF1B	TAF1A
RGS5	GNAI2
TICAM2	TLR4
CNTFR	LIFR
NCOA6	KMT2C
HLA-DMB	HLA-DRA
WBP4	KHDRBS1
EFNA5	EPHA3
RPTOR	MLST8
STAM	JAK3
SMARCA2	ACTL6A
RARS	AIMP1
PCNA	GADD45B
SLC9A3R1	CFTR
SMAD4	STK11IP
DBP	BATF
FANCC	FANCG
KHDRBS1	BTK
PPP1R15A	PPP1CA
EXOSC7	EXOSC1
TGFBR1	BMPR2
LYN	CBL
GNG2	GNB1
POLR2D	POLR2L
IL10RB	IL22
CDC42	PARD6A
GADD45G	PCNA
INPPL1	ABL1
E2F1	GTF2H1
GABARAPL2	SQSTM1
CTSL	SERPINB3
EXOSC4	EXOSC8
CD9	CD81
SRC	ASAP1
NCS1	PI4KB
FYN	FAS
SMC4	SMC2
IL13RA1	IL13
ARPC2	ACTR3
DDB1	CDT1
TGFB1	THBS1
TNFAIP3	YWHAG
CDC73	LEO1
PTPRM	CDH1
TJP1	KIRREL
CRMP1	TK1
CASP10	FADD
PSMA6	PSMD4
PTPN6	CD33
PTPN6	LCK
BCL2L1	BCL2L11
CDC16	CDC23
CDK4	SETDB1
BNIP2	ARHGAP1
TRAF6	PSMC1
SGCG	FLNC
CRADD	PIDD1
SHC1	JAK2
ACTA1	DNASE1
NT5C2	MOB3B
CCL11	CCR5
SPI1	IRF8
AGO2	DICER1
PPP1CA	BRCA1
FASLG	EZR
FZR1	CCNB1
HIF1AN	ASB9
TJP1	OCLN
NCOA2	CREBBP
VAV1	JAK2
PIK3R4	PIK3C3
PNOC	OPRL1
SLC9A3R1	OPRK1
C3	CFI
FASLG	PACSIN2
PRKD1	PRKCH
RNF5	UBE2D3
CDK1	FANCC
ERBB2	PIK3R2
BRCA1	RB1
SRSF1	TOP1
KCNK3	YWHAB
VAV1	LCP2
RPS21	RPSA
COPS7A	COPS3
MDM2	ARRB1
HNRNPH1	HNRNPF
APOE	A2M
TRAF1	TNFRSF8
PARP4	MVP
NFKBIA	ARRB2
SRC	PTK2B
INSL3	RXFP2
AHR	TBP
BAD	YWHAE
CDKN1A	CDK4
PSMC2	RAD23B
TRAP1	RB1
STX8	CREB3
JUND	BATF
TOP1	NCL
ITGAV	ITGB8
NFE2L2	JUN
DRAP1	TBP
LDOC1	FOSL1
FER	EGFR
TNFAIP3	YWHAH
EIF4B	EIF3A
RBM8A	MAGOH
JAK1	IRS1
TERF2	WRN
SF3A3	SF3A1
RB1	JUN
TRAF6	SYK
PTPN6	CD72
BECN1	UVRAG
FYN	BCAR1
TP53BP1	ATM
PIK3R1	CD19
TPRKB	TP53RK
BAX	MCL1
EPB41L3	YWHAH
RNF7	CUL1
CD44	SELE
SOS2	EGFR
VHL	EPAS1
GDF5	BMPR1B
TNFRSF18	TRAF2
TSC1	YWHAE
CDKN2D	CDK4
AR	JUN
CRYAA	CRYGC
EXOSC2	UPF1
ZAP70	CD3E
ZAP70	CBL
BRCC3	BRE
F2	F2R
CXCR4	CD4
HDAC3	NCOR2
ITGAV	PTK2
AP1G1	MAP1A
POLR2E	URI1
CRKL	RAPGEF1
SKP1	FBXO3
BAP1	ASXL1
IKBKG	RBCK1
ATP5C1	ATP5B
PTBP1	HNRNPL
TACC1	AURKA
RAD21	STAG2
UPF1	NCBP1
PTK2	JAK2
SKP1	FBXW4
PLCG1	INSR
AFF1	MLLT3
CASP7	BIRC5
SHARPIN	IKBKG
NEB	TTN
SHARPIN	RNF31
STAT3	SYK
CAPN3	TTN
DIABLO	BIRC5
AURKB	BIRC5
CDCA8	BIRC5
GGA1	ARF6
ARHGEF11	PLXNB2
CDK1	BIRC5
MYBPC3	TTN
CCNF	CCP110
SKP1	CCNF
USH1C	CDH23
INCENP	BIRC5
NFKBIE	ANKHD1
MYOM2	TTN
MDM2	CASP3
TRIM63	TTN
EP300	STAT5A
CHD3	SUMO2
ADGRB1	MAGI1
PCBP2	HNRNPL
PAICS	NUDT18
DDX17	WBP11
MYOM1	TTN
RAB4A	SOD2
GTF2H3	GTF2H2
ERCC2	GTF2H2
GIPC1	ITGA6
PRKG1	ITPR1
ITGB4	ITGA6
FKBP1A	ITPR1
GTF2H1	GTF2H2
BCL2	ITPR1
ERCC3	GTF2H2
GTF2H5	GTF2H2
UBE2I	DACH1
EPB41L1	ITPR1
