,SUID,__mclCluster,name,PRWP,score,selected,shared name
0,3221,142.0,GTF2H4,0.0,,False,GTF2H4
1,3220,142.0,GTF2H2,0.0,,False,GTF2H2
2,3218,143.0,COL17A1,0.0,,False,COL17A1
3,3217,143.0,ITGA6,0.0,,False,ITGA6
4,3215,,TPM3,,,False,TPM3
5,3211,14.0,UBE2V1,0.0,,False,UBE2V1
6,3208,144.0,NEURL4,0.0,,False,NEURL4
7,3207,144.0,CCP110,0.0,,False,CCP110
8,3205,62.0,RAPGEF6,0.0,,False,RAPGEF6
9,3203,145.0,EIF4A3,0.0,,False,EIF4A3
10,3202,145.0,SRSF1,0.0,,False,SRSF1
11,3200,63.0,MAP2K3,0.0,,False,MAP2K3
12,3198,146.0,PTBP1,0.0,,False,PTBP1
13,3196,23.0,AGO3,0.0,,False,AGO3
14,3192,64.0,KLHL3,0.0,,False,KLHL3
15,3190,147.0,MAD2L1BP,2.44012052361e+12,,False,MAD2L1BP
16,3187,148.0,ANAPC11,2.32407953773e+12,,False,ANAPC11
17,3186,148.0,UBE2C,2.32407953773e+12,0.12,False,UBE2C
18,3184,23.0,AGO1,0.0,,False,AGO1
19,3182,149.0,NFATC1,0.0,,False,NFATC1
20,3181,149.0,FOXP3,0.0,,False,FOXP3
21,3178,150.0,GGA3,0.0,,False,GGA3
22,3176,65.0,RNF31,2.32407953773e+12,0.12,False,RNF31
23,3172,151.0,HNRNPH3,0.0,,False,HNRNPH3
24,3171,151.0,HNRNPA1,0.0,,False,HNRNPA1
25,3169,66.0,NAF1,0.0,,False,NAF1
26,3167,152.0,ZNF207,0.0,,False,ZNF207
27,3166,152.0,BUB3,0.0,,False,BUB3
28,3163,34.0,SDC4,2.32407953773e+12,,False,SDC4
29,3161,153.0,SGTA,0.0,,False,SGTA
30,3159,154.0,ASGR2,0.0,,False,ASGR2
31,3158,154.0,ASGR1,0.0,,False,ASGR1
32,3156,155.0,RBCK1,0.0,,False,RBCK1
33,3155,155.0,SHARPIN,0.0,,False,SHARPIN
34,3152,35.0,RRP1B,0.0,,False,RRP1B
35,3150,67.0,NFE2L1,0.0,,False,NFE2L1
36,3146,156.0,SPC25,0.0,,False,SPC25
37,3145,156.0,SPC24,0.0,,False,SPC24
38,3141,4.0,FAF1,0.0,,False,FAF1
39,3139,68.0,UBXN7,2.36992262595e+12,,False,UBXN7
40,3136,36.0,SLC4A1,2.75670085621e+12,0.142337685684,False,SLC4A1
41,3133,35.0,PPP1R9A,0.0,,False,PPP1R9A
42,3130,69.0,PUF60,0.0,,False,PUF60
43,3128,37.0,GTF3C1,0.0,,False,GTF3C1
44,3126,63.0,DNM1L,0.0,,False,DNM1L
45,3125,63.0,LRRK2,0.0,,False,LRRK2
46,3123,157.0,ANK2,0.0,,False,ANK2
47,3122,157.0,SLC8A1,0.0,,False,SLC8A1
48,3118,158.0,OAZ1,0.0,,False,OAZ1
49,3117,158.0,ODC1,0.0,,False,ODC1
50,3113,5.0,ACTB,0.0,,False,ACTB
51,3111,159.0,CBX1,0.0,,False,CBX1
52,3109,160.0,PCGF6,0.0,,False,PCGF6
53,3106,161.0,C4BPA,0.0,,False,C4BPA
54,3104,162.0,EIF2AK3,0.0,,False,EIF2AK3
55,3103,162.0,EIF2S1,0.0,,False,EIF2S1
56,3096,,PTPN2,,,False,PTPN2
57,3094,163.0,NEDD4L,0.0,,False,NEDD4L
58,3091,164.0,LDHB,2.3293366419e+12,0.120271441872,False,LDHB
59,3090,164.0,LDHA,2.3293366419e+12,,False,LDHA
60,3088,10.0,EPHA2,0.0,,False,EPHA2
61,3085,165.0,CNOT1,0.0,,False,CNOT1
62,3084,165.0,TNRC6C,0.0,,False,TNRC6C
63,3082,166.0,NSMCE3,0.0,,False,NSMCE3
64,3081,166.0,NSMCE1,0.0,,False,NSMCE1
65,3078,167.0,TOR1AIP1,0.0,,False,TOR1AIP1
66,3077,167.0,TOR1A,0.0,,False,TOR1A
67,3074,168.0,PEX19,0.0,,False,PEX19
68,3073,168.0,PXMP2,0.0,,False,PXMP2
69,3071,35.0,SH3RF2,0.0,,False,SH3RF2
70,3070,35.0,PPP1CA,0.0,,False,PPP1CA
71,3068,169.0,MMS22L,0.0,,False,MMS22L
72,3066,170.0,ISG15,0.0,,False,ISG15
73,3064,15.0,PARK7,0.0,,False,PARK7
74,3062,14.0,UBA52,0.0,,False,UBA52
75,3058,,ARRDC3,,,False,ARRDC3
76,3056,70.0,FAM110A,0.0,,False,FAM110A
77,3054,71.0,ASXL1,0.0,,False,ASXL1
78,3051,16.0,PTTG1,2.32407953773e+12,0.12,False,PTTG1
79,3049,171.0,SRPK2,0.0,,False,SRPK2
80,3048,171.0,SNRNP70,0.0,,False,SNRNP70
81,3045,11.0,RPL26,0.0,,False,RPL26
82,3040,172.0,APITD1,0.0,,False,APITD1
83,3039,172.0,STRA13,0.0,,False,STRA13
84,3037,147.0,BUB1B,2.44012052361e+12,0.125991584229,False,BUB1B
85,3035,173.0,UBE4B,0.0,,False,UBE4B
86,3033,72.0,DCTN4,0.0,,False,DCTN4
87,3029,174.0,SAP18,0.0,,False,SAP18
88,3023,175.0,RAD51,4.18008406952e+12,0.215831721849,False,RAD51
89,3021,38.0,CIITA,0.0,,False,CIITA
90,3019,176.0,JDP2,0.0,,False,JDP2
91,3018,176.0,ATF2,0.0,,False,ATF2
92,3015,39.0,EPOR,2.33985085024e+12,,False,EPOR
93,3013,36.0,CD79B,2.75670085621e+12,,False,CD79B
94,3009,5.0,RECQL5,0.0,,False,RECQL5
95,3006,177.0,ATXN7,0.0,,False,ATXN7
96,3003,10.0,RAPGEF1,0.0,,False,RAPGEF1
97,3001,73.0,UPF1,0.0,,False,UPF1
98,2999,37.0,GTF3C5,0.0,,False,GTF3C5
99,2997,178.0,SREBF1,0.0,,False,SREBF1
100,2994,179.0,CAPN1,0.0,,False,CAPN1
101,2993,179.0,KNG1,0.0,,False,KNG1
102,2991,180.0,LRP6,0.0,,False,LRP6
103,2990,180.0,FZD8,0.0,,False,FZD8
104,2988,17.0,RANBP1,0.0,,False,RANBP1
105,2984,181.0,STK26,0.0,,False,STK26
106,2983,181.0,PDCD10,0.0,,False,PDCD10
107,2981,18.0,NFYB,0.0,,False,NFYB
108,2979,19.0,SLMAP,0.0,,False,SLMAP
109,2974,6.0,TP73,2.43486341944e+12,,False,TP73
110,2972,182.0,TPRKB,0.0,,False,TPRKB
111,2971,182.0,OSGEP,0.0,,False,OSGEP
112,2968,183.0,MCM2,7.02500200196e+12,0.122724350242,False,MCM2
113,2966,184.0,PPP2R5D,0.0,,False,PPP2R5D
114,2965,184.0,SGO1,0.0,,False,SGO1
115,2962,185.0,RXFP2,0.0,,False,RXFP2
116,2958,74.0,ITGA2,2.32407953773e+12,,False,ITGA2
117,2951,19.0,STRN4,0.0,,False,STRN4
118,2949,40.0,SNRPD1,0.0,,False,SNRPD1
119,2947,24.0,PPM1D,0.0,,False,PPM1D
120,2945,14.0,NUMBL,0.0,,False,NUMBL
121,2941,186.0,SMC5,0.0,,False,SMC5
122,2940,186.0,SMC6,0.0,,False,SMC6
123,2936,75.0,LEO1,0.0,,False,LEO1
124,2931,25.0,KARS,0.0,,False,KARS
125,2928,18.0,GATA2,0.0,,False,GATA2
126,2921,187.0,IL12RB1,0.0,,False,IL12RB1
127,2920,187.0,IL12B,0.0,,False,IL12B
128,2915,18.0,SP1,0.0,,False,SP1
129,2909,76.0,KMT5A,2.32407953773e+12,,False,KMT5A
130,2906,23.0,AGO2,0.0,,False,AGO2
131,2903,26.0,GGA2,2.3293366419e+12,,False,GGA2
132,2901,188.0,SELE,0.0,,False,SELE
133,2900,188.0,SELPLG,0.0,,False,SELPLG
134,2897,189.0,COPS7B,2.32407953773e+12,,False,COPS7B
135,2896,189.0,COPS5,2.32407953773e+12,0.12,False,COPS5
136,2893,190.0,SOD1,0.0,,False,SOD1
137,2892,190.0,RNF19A,0.0,,False,RNF19A
138,2890,191.0,EEF1G,0.0,,False,EEF1G
139,2888,77.0,PLSCR1,0.0,,False,PLSCR1
140,2886,41.0,IRAK1,2.64259058176e+12,,False,IRAK1
141,2884,192.0,HIP1,0.0,,False,HIP1
142,2882,27.0,TIMP1,7.15136484913e+12,,False,TIMP1
143,2878,193.0,SOS1,0.0,,False,SOS1
144,2877,193.0,HCK,0.0,,False,HCK
145,2873,42.0,ZPR1,0.0,,False,ZPR1
146,2869,34.0,ADCY5,2.32407953773e+12,,False,ADCY5
147,2867,12.0,GNAI2,0.0,,False,GNAI2
148,2865,194.0,RMI1,0.0,,False,RMI1
149,2864,194.0,RMI2,0.0,,False,RMI2
150,2862,28.0,SF3A3,0.0,,False,SF3A3
151,2859,195.0,KCNJ6,0.0,,False,KCNJ6
152,2858,195.0,KCNJ3,0.0,,False,KCNJ3
153,2856,196.0,CPSF6,0.0,,False,CPSF6
154,2854,197.0,SIX4,0.0,,False,SIX4
155,2853,197.0,EYA3,0.0,,False,EYA3
156,2851,16.0,ANAPC10,2.32407953773e+12,,False,ANAPC10
157,2847,43.0,RPL24,0.0,,False,RPL24
158,2845,37.0,GTF3C4,0.0,,False,GTF3C4
159,2844,37.0,GTF3C2,0.0,,False,GTF3C2
160,2841,198.0,BUB1,0.0,,False,BUB1
161,2840,198.0,KNL1,0.0,,False,KNL1
162,2838,199.0,PPP2R1B,0.0,,False,PPP2R1B
163,2837,199.0,PPP2R5A,0.0,,False,PPP2R5A
164,2834,,PHC2,,,False,PHC2
165,2831,200.0,EXOSC5,0.0,,False,EXOSC5
166,2830,200.0,EXOSC4,0.0,,False,EXOSC4
167,2828,201.0,DOT1L,0.0,,False,DOT1L
168,2827,201.0,MLLT1,0.0,,False,MLLT1
169,2822,202.0,RASSF4,0.0,,False,RASSF4
170,2819,78.0,AP2A2,0.0,,False,AP2A2
171,2817,,TOP3A,,,False,TOP3A
172,2813,79.0,RGS16,0.0,,False,RGS16
173,2811,27.0,CD44,7.15136484913e+12,0.12,False,CD44
174,2808,203.0,NID1,0.0,,False,NID1
175,2807,203.0,HSPG2,0.0,,False,HSPG2
176,2805,44.0,THOC3,0.0,,False,THOC3
177,2801,161.0,C4B,0.0,,False,C4B
178,2799,204.0,C4A,0.0,,False,C4A
179,2798,204.0,CR1,0.0,,False,CR1
180,2792,205.0,PIK3R1,0.0,,False,PIK3R1
181,2791,205.0,TRAT1,0.0,,False,TRAT1
182,2789,8.0,UBE2M,0.0,,False,UBE2M
183,2787,80.0,GALNT1,2.32407953773e+12,,False,GALNT1
184,2785,206.0,NF2,0.0,,False,NF2
185,2784,206.0,AMOT,0.0,,False,AMOT
186,2780,45.0,PPP6R2,0.0,,False,PPP6R2
187,2773,207.0,CAPG,0.0,,False,CAPG
188,2770,81.0,PPP3CA,0.0,,False,PPP3CA
189,2768,,DAXX,,,False,DAXX
190,2765,1.0,DCAF8,2.32407953773e+12,,False,DCAF8
191,2760,46.0,PPARGC1A,2.42415686404e+12,,False,PPARGC1A
192,2758,208.0,MAP1B,0.0,,False,MAP1B
193,2757,208.0,MAP1A,0.0,,False,MAP1A
194,2755,209.0,BDKRB2,0.0,,False,BDKRB2
195,2754,209.0,NOS3,0.0,,False,NOS3
196,2752,82.0,JAM2,0.0,,False,JAM2
197,2750,83.0,EME1,0.0,,False,EME1
198,2747,20.0,CXCL9,2.32407953773e+12,,False,CXCL9
199,2744,6.0,GTF2I,2.43486341944e+12,,False,GTF2I
200,2740,210.0,TRIM33,2.32407953773e+12,,False,TRIM33
201,2739,210.0,SMAD2,2.32407953773e+12,0.12,False,SMAD2
202,2736,169.0,TONSL,0.0,,False,TONSL
203,2734,211.0,MADCAM1,0.0,,False,MADCAM1
204,2732,,TERF2,,,False,TERF2
205,2730,84.0,RBSN,0.0,,False,RBSN
206,2728,212.0,SPG20,0.0,,False,SPG20
207,2727,212.0,ITCH,0.0,,False,ITCH
208,2725,192.0,CLTB,0.0,,False,CLTB
209,2722,213.0,STAG2,0.0,,False,STAG2
210,2720,214.0,GRAP2,0.0,,False,GRAP2
211,2719,214.0,GAB3,0.0,,False,GAB3
212,2716,38.0,SAP30,0.0,,False,SAP30
213,2714,215.0,VPS29,0.0,,False,VPS29
214,2712,216.0,EIF4B,0.0,,False,EIF4B
215,2708,217.0,PKNOX1,0.0,,False,PKNOX1
216,2707,217.0,HOXB6,0.0,,False,HOXB6
217,2705,85.0,SH2D2A,0.0,,False,SH2D2A
218,2703,218.0,PSMG2,0.0,,False,PSMG2
219,2702,218.0,PSMG1,0.0,,False,PSMG1
220,2700,219.0,MYRIP,0.0,,False,MYRIP
221,2699,219.0,MYO7A,0.0,,False,MYO7A
222,2697,86.0,ARRB2,0.0,,False,ARRB2
223,2694,5.0,GTF2F2,0.0,,False,GTF2F2
224,2691,2.0,PTK2,0.0,,False,PTK2
225,2689,220.0,CARM1,0.0,,False,CARM1
226,2685,221.0,PFDN1,0.0,,False,PFDN1
227,2682,47.0,ARID4A,0.0,,False,ARID4A
228,2680,48.0,TCEA1,0.0,,False,TCEA1
229,2678,87.0,CUBN,0.0,,False,CUBN
230,2676,77.0,FCGR2A,0.0,,False,FCGR2A
231,2673,49.0,BRIP1,0.0,,False,BRIP1
232,2671,222.0,ORAI1,0.0,,False,ORAI1
233,2670,222.0,STIM1,0.0,,False,STIM1
234,2667,223.0,MARK2,0.0,,False,MARK2
235,2666,223.0,YWHAH,0.0,,False,YWHAH
236,2664,224.0,WRN,0.0,,False,WRN
237,2662,225.0,BBS1,0.0,,False,BBS1
238,2660,226.0,RPS6KB1,0.0,,False,RPS6KB1
239,2659,226.0,RPTOR,0.0,,False,RPTOR
240,2656,227.0,HEXIM2,0.0,,False,HEXIM2
241,2654,228.0,PRKAB2,0.0,,False,PRKAB2
242,2653,228.0,PRKAA2,0.0,,False,PRKAA2
243,2651,2.0,ITK,0.0,,False,ITK
244,2649,229.0,TTI1,0.0,,False,TTI1
245,2647,88.0,ST8SIA4,0.0,,False,ST8SIA4
246,2643,42.0,LGALS3,0.0,,False,LGALS3
247,2641,80.0,GALNT2,2.32407953773e+12,,False,GALNT2
248,2640,80.0,MUC1,2.32407953773e+12,0.12,False,MUC1
249,2638,230.0,SHFM1,0.0,,False,SHFM1
250,2636,231.0,XCL1,0.0,,False,XCL1
251,2635,231.0,XCR1,0.0,,False,XCR1
252,2632,6.0,RELA,2.43486341944e+12,,False,RELA
253,2630,232.0,PER1,0.0,,False,PER1
254,2628,50.0,CD300LF,0.0,,False,CD300LF
255,2626,233.0,RAD23B,0.0,,False,RAD23B
256,2625,233.0,CETN2,0.0,,False,CETN2
257,2623,234.0,CHD1L,0.0,,False,CHD1L
258,2621,,MYOD1,,,False,MYOD1
259,2616,51.0,RASSF2,0.0,,False,RASSF2
260,2614,89.0,GATAD2B,0.0,,False,GATAD2B
261,2610,235.0,CBS,0.0,,False,CBS
262,2609,235.0,HTT,0.0,,False,HTT
263,2605,236.0,KCNJ12,0.0,,False,KCNJ12
264,2603,237.0,DLG2,0.0,,False,DLG2
265,2602,237.0,CRIPT,0.0,,False,CRIPT
266,2598,,CBX8,,,False,CBX8
267,2596,238.0,MMS19,0.0,,False,MMS19
268,2595,238.0,CIAO1,0.0,,False,CIAO1
269,2593,90.0,PFDN6,0.0,,False,PFDN6
270,2591,239.0,BAG3,0.0,,False,BAG3
271,2588,240.0,SNX2,0.0,,False,SNX2
272,2586,62.0,PTPN13,0.0,,False,PTPN13
273,2585,62.0,TRIP6,0.0,,False,TRIP6
274,2583,241.0,EFTUD2,0.0,,False,EFTUD2
275,2580,88.0,L1CAM,0.0,,False,L1CAM
276,2579,88.0,NCAM1,0.0,,False,NCAM1
277,2577,19.0,MOB4,0.0,,False,MOB4
278,2575,52.0,MOB1A,0.0,,False,MOB1A
279,2572,242.0,VCAN,2.32407953773e+12,0.12,False,VCAN
280,2571,242.0,PLA2G2A,2.32407953773e+12,,False,PLA2G2A
281,2569,243.0,ELN,0.0,,False,ELN
282,2568,243.0,MFAP2,0.0,,False,MFAP2
283,2566,91.0,RFC2,0.0,,False,RFC2
284,2564,24.0,UBB,0.0,,False,UBB
285,2562,92.0,PAXIP1,0.0,,False,PAXIP1
286,2560,244.0,TSG101,0.0,,False,TSG101
287,2559,244.0,MGRN1,0.0,,False,MGRN1
288,2557,245.0,AUP1,0.0,,False,AUP1
289,2556,245.0,UBE2G2,0.0,,False,UBE2G2
290,2553,246.0,CYB5A,2.32407953773e+12,0.12,False,CYB5A
291,2552,246.0,CYB5R3,2.32407953773e+12,,False,CYB5R3
292,2550,,MAPK8,,,False,MAPK8
293,2546,13.0,RCHY1,0.0,,False,RCHY1
294,2544,93.0,SREBF2,2.32407953773e+12,,False,SREBF2
295,2542,247.0,MAP3K5,2.33985085024e+12,0.120814325616,False,MAP3K5
296,2541,247.0,MAP2K4,2.33985085024e+12,,False,MAP2K4
297,2539,53.0,NFRKB,0.0,,False,NFRKB
298,2537,10.0,UBASH3B,0.0,,False,UBASH3B
299,2533,248.0,FGB,0.0,,False,FGB
300,2531,11.0,RPS7,0.0,,False,RPS7
301,2529,7.0,CDC6,0.0,,False,CDC6
302,2526,249.0,HNF1A,0.0,,False,HNF1A
303,2524,54.0,MDM4,0.0,,False,MDM4
304,2521,250.0,F12,1.10164395955e+13,0.56881562356,False,F12
305,2520,250.0,CD93,1.10164395955e+13,,False,CD93
306,2517,11.0,RPL23,0.0,,False,RPL23
307,2514,87.0,ALB,0.0,,False,ALB
308,2513,87.0,LRP2,0.0,,False,LRP2
309,2511,251.0,RAB9A,0.0,,False,RAB9A
310,2510,251.0,BCL3,0.0,,False,BCL3
311,2508,64.0,KLHL12,0.0,,False,KLHL12
312,2506,94.0,EED,0.0,,False,EED
313,2504,252.0,INPP5D,0.0,,False,INPP5D
314,2503,252.0,DOK3,0.0,,False,DOK3
315,2501,253.0,PIGR,0.0,,False,PIGR
316,2500,253.0,CD79A,0.0,,False,CD79A
317,2497,10.0,SPRY1,0.0,,False,SPRY1
318,2494,5.0,GTF2B,0.0,,False,GTF2B
319,2492,29.0,RPL12,0.0,,False,RPL12
320,2489,254.0,FLT3,0.0,,False,FLT3
321,2488,254.0,FLT3LG,0.0,,False,FLT3LG
322,2486,95.0,POLE3,0.0,,False,POLE3
323,2480,,HNRNPK,,,False,HNRNPK
324,2478,,UBE2D4,,,False,UBE2D4
325,2476,255.0,PIAS1,0.0,,False,PIAS1
326,2474,12.0,GNGT2,0.0,,False,GNGT2
327,2470,256.0,GEMIN2,0.0,,False,GEMIN2
328,2468,28.0,SNRPA1,0.0,,False,SNRPA1
329,2463,,PPARG,,,False,PPARG
330,2459,257.0,GCLM,0.0,,False,GCLM
331,2458,257.0,GCLC,0.0,,False,GCLC
332,2456,55.0,POLR1D,0.0,,False,POLR1D
333,2453,258.0,NOP56,0.0,,False,NOP56
334,2452,258.0,NOP58,0.0,,False,NOP58
335,2447,259.0,GLMN,0.0,,False,GLMN
336,2446,259.0,FKBP4,0.0,,False,FKBP4
337,2440,260.0,GHSR,0.0,,False,GHSR
338,2439,260.0,GHRL,0.0,,False,GHRL
339,2436,261.0,PPIB,0.0,,False,PPIB
340,2435,261.0,HSPA5,0.0,,False,HSPA5
341,2432,262.0,SNTB1,0.0,,False,SNTB1
342,2431,262.0,DTNA,0.0,,False,DTNA
343,2428,263.0,HERPUD1,0.0,,False,HERPUD1
344,2424,5.0,POLR2I,0.0,,False,POLR2I
345,2421,96.0,KMT2A,0.0,,False,KMT2A
346,2415,97.0,FLT4,2.32407953773e+12,,False,FLT4
347,2413,264.0,ZAP70,0.0,,False,ZAP70
348,2411,,SERPINA3,,0.12,False,SERPINA3
349,2410,,CELA1,,,False,CELA1
350,2408,4.0,UBXN1,0.0,,False,UBXN1
351,2405,265.0,RAPSN,0.0,,False,RAPSN
352,2404,265.0,MUSK,0.0,,False,MUSK
353,2402,266.0,CKS2,2.32407953773e+12,,False,CKS2
354,2401,266.0,CCNB1,2.32407953773e+12,0.12,False,CCNB1
355,2398,177.0,KAT2A,0.0,,False,KAT2A
356,2396,26.0,CLTA,2.3293366419e+12,,False,CLTA
357,2394,267.0,CNTN1,0.0,,False,CNTN1
358,2393,267.0,TNR,0.0,,False,TNR
359,2391,268.0,HYPK,0.0,,False,HYPK
360,2390,268.0,NAA15,0.0,,False,NAA15
361,2387,98.0,ECI2,0.0,,False,ECI2
362,2382,269.0,ELP3,0.0,,False,ELP3
363,2381,269.0,ELP2,0.0,,False,ELP2
364,2379,270.0,SLC2A1,0.0,,False,SLC2A1
365,2376,271.0,RYR1,0.0,,False,RYR1
366,2375,271.0,CACNA1S,0.0,,False,CACNA1S
367,2373,99.0,F5,3.71321278548e+12,0.191725595886,False,F5
368,2370,272.0,AKT2,0.0,,False,AKT2
369,2365,273.0,MTA2,0.0,,False,MTA2
370,2364,273.0,MBD2,0.0,,False,MBD2
371,2362,100.0,SMURF2,0.0,,False,SMURF2
372,2357,274.0,STX12,0.0,,False,STX12
373,2356,274.0,EPB42,0.0,,False,EPB42
374,2354,91.0,CHTF18,0.0,,False,CHTF18
375,2353,91.0,RFC3,0.0,,False,RFC3
376,2351,101.0,STX1A,0.0,,False,STX1A
377,2348,73.0,PABPC1,0.0,,False,PABPC1
378,2347,73.0,PAN2,0.0,,False,PAN2
379,2344,102.0,HLA-G,0.0,,False,HLA-G
380,2342,103.0,RHAG,0.0,,False,RHAG
381,2340,11.0,CSNK1D,0.0,,False,CSNK1D
382,2335,7.0,NPAT,0.0,,False,NPAT
383,2333,275.0,NME1,0.0,,False,NME1
384,2332,275.0,NME2,0.0,,False,NME2
385,2328,12.0,GNG11,0.0,,False,GNG11
386,2325,1.0,DCAF6,2.32407953773e+12,,False,DCAF6
387,2323,276.0,C3,0.0,,False,C3
388,2321,30.0,ZNRF1,0.0,,False,ZNRF1
389,2319,21.0,MED24,0.0,,False,MED24
390,2317,277.0,ATP6V1B1,0.0,,False,ATP6V1B1
391,2316,277.0,ATP6V0A1,0.0,,False,ATP6V0A1
392,2313,53.0,TFPT,0.0,,False,TFPT
393,2311,104.0,MS4A2,0.0,,False,MS4A2
394,2309,278.0,ASF1B,0.0,,False,ASF1B
395,2308,278.0,IPO4,0.0,,False,IPO4
396,2306,279.0,MYH9,0.0,,False,MYH9
397,2305,279.0,S100A4,0.0,,False,S100A4
398,2302,,GPS1,,,False,GPS1
399,2300,280.0,TBL1XR1,0.0,,False,TBL1XR1
400,2296,89.0,GATAD2A,0.0,,False,GATAD2A
401,2292,281.0,PLA2R1,0.0,,False,PLA2R1
402,2291,281.0,PLA2G10,0.0,,False,PLA2G10
403,2288,,RPS23,,,False,RPS23
404,2286,282.0,GRIK4,0.0,,False,GRIK4
405,2285,282.0,GRIK2,0.0,,False,GRIK2
406,2283,283.0,SUMO3,0.0,,False,SUMO3
407,2282,283.0,UBA2,0.0,,False,UBA2
408,2279,284.0,ZNF350,0.0,,False,ZNF350
409,2278,284.0,TRIM28,0.0,,False,TRIM28
410,2274,285.0,MED9,0.0,,False,MED9
411,2273,285.0,MED28,0.0,,False,MED28
412,2270,286.0,FANCC,0.0,,False,FANCC
413,2269,286.0,ZBTB32,0.0,,False,ZBTB32
414,2267,5.0,CTCF,0.0,,False,CTCF
415,2265,287.0,USP1,0.0,,False,USP1
416,2264,287.0,WDR48,0.0,,False,WDR48
417,2261,1.0,DCAF5,2.32407953773e+12,,False,DCAF5
418,2259,288.0,CSTB,0.0,,False,CSTB
419,2257,14.0,RCN2,0.0,,False,RCN2
420,2255,105.0,POLR3G,0.0,,False,POLR3G
421,2253,2.0,TUBA3C,0.0,,False,TUBA3C
422,2251,95.0,POLE,0.0,,False,POLE
423,2250,95.0,POLE2,0.0,,False,POLE2
424,2248,289.0,GJC1,0.0,,False,GJC1
425,2245,290.0,MET,0.0,,False,MET
426,2240,291.0,POMP,0.0,,False,POMP
427,2239,291.0,PSMB9,0.0,,False,PSMB9
428,2236,,COPZ1,,,False,COPZ1
429,2234,292.0,PLG,0.0,,False,PLG
430,2233,292.0,PLAU,0.0,,False,PLAU
431,2231,106.0,MED29,0.0,,False,MED29
432,2229,13.0,RNF111,0.0,,False,RNF111
433,2226,22.0,ING2,0.0,,False,ING2
434,2222,293.0,ETV1,2.61418200243e+12,0.134978960573,False,ETV1
435,2220,,SPOP,,,False,SPOP
436,2217,8.0,CDC25A,0.0,,False,CDC25A
437,2215,294.0,ACKR2,4.14999527487e+12,,False,ACKR2
438,2214,294.0,CCL2,4.14999527487e+12,0.214278136742,False,CCL2
439,2212,178.0,MED15,0.0,,False,MED15
440,2209,295.0,ACPP,2.32407953773e+12,0.12,False,ACPP
441,2208,295.0,ERBB2,2.32407953773e+12,,False,ERBB2
442,2205,107.0,NCF2,0.0,,False,NCF2
443,2202,,WDR5,,,False,WDR5
444,2200,296.0,TRADD,0.0,,False,TRADD
445,2194,56.0,MRE11A,6.97223861319e+12,,False,MRE11A
446,2192,108.0,MYL12A,0.0,,False,MYL12A
447,2190,297.0,GTF2A2,0.0,,False,GTF2A2
448,2189,297.0,GTF2A1L,0.0,,False,GTF2A1L
449,2187,65.0,MALT1,2.32407953773e+12,,False,MALT1
450,2186,65.0,IKBKG,2.32407953773e+12,,False,IKBKG
451,2184,298.0,UBA3,0.0,,False,UBA3
452,2182,74.0,ITGA1,2.32407953773e+12,,False,ITGA1
453,2181,74.0,COL8A1,2.32407953773e+12,0.12,False,COL8A1
454,2178,3.0,IKZF1,0.0,,False,IKZF1
455,2176,109.0,ATR,0.0,,False,ATR
456,2174,299.0,PRIM1,0.0,,False,PRIM1
457,2172,300.0,EDA,0.0,,False,EDA
458,2171,300.0,EDA2R,0.0,,False,EDA2R
459,2168,301.0,THBS1,3.87346589622e+12,0.2,False,THBS1
460,2167,301.0,DCN,3.87346589622e+12,,False,DCN
461,2165,,RNF168,,,False,RNF168
462,2161,302.0,FOXK1,0.0,,False,FOXK1
463,2160,302.0,BAP1,0.0,,False,BAP1
464,2158,303.0,STX7,0.0,,False,STX7
465,2157,303.0,VAMP7,0.0,,False,VAMP7
466,2154,304.0,RPAP3,0.0,,False,RPAP3
467,2153,304.0,PIH1D1,0.0,,False,PIH1D1
468,2148,305.0,WAS,0.0,,False,WAS
469,2147,305.0,FNBP1,0.0,,False,FNBP1
470,2145,110.0,CSE1L,2.32407953773e+12,,False,CSE1L
471,2141,15.0,TOPORS,0.0,,False,TOPORS
472,2139,9.0,SOCS2,0.0,,False,SOCS2
473,2137,,XRCC6,,,False,XRCC6
474,2135,20.0,CCL11,2.32407953773e+12,,False,CCL11
475,2129,111.0,ERBIN,0.0,,False,ERBIN
476,2126,306.0,CASP9,0.0,,False,CASP9
477,2122,,POLR2B,,,False,POLR2B
478,2120,112.0,IL7R,0.0,,False,IL7R
479,2117,13.0,CHFR,0.0,,False,CHFR
480,2115,2.0,GRIN2B,0.0,,False,GRIN2B
481,2113,113.0,RPA2,2.32407953773e+12,,False,RPA2
482,2111,114.0,GABARAPL2,0.0,,False,GABARAPL2
483,2108,307.0,MSN,0.0,,False,MSN
484,2106,46.0,THRA,2.42415686404e+12,,False,THRA
485,2104,308.0,SGK1,0.0,,False,SGK1
486,2103,308.0,SLC9A3R2,0.0,,False,SLC9A3R2
487,2101,115.0,MPRIP,0.0,,False,MPRIP
488,2099,39.0,VIL1,2.33985085024e+12,,False,VIL1
489,2097,309.0,TNFRSF1B,0.0,,False,TNFRSF1B
490,2093,150.0,ARF6,0.0,,False,ARF6
491,2091,310.0,UBE2W,0.0,,False,UBE2W
492,2089,3.0,PEX14,0.0,,False,PEX14
493,2087,311.0,CASP6,2.32407953773e+12,,False,CASP6
494,2086,311.0,LMNB1,2.32407953773e+12,0.12,False,LMNB1
495,2084,86.0,AP2M1,0.0,,False,AP2M1
496,2082,116.0,TRAF3,0.0,,False,TRAF3
497,2080,117.0,LAS1L,0.0,,False,LAS1L
498,2078,312.0,DOC2B,0.0,,False,DOC2B
499,2077,312.0,UNC13B,0.0,,False,UNC13B
500,2074,313.0,ITGA5,2.39787134318e+12,0.123810117731,False,ITGA5
501,2073,313.0,ITGB3,2.39787134318e+12,,False,ITGB3
502,2071,314.0,MAPK10,0.0,,False,MAPK10
503,2070,314.0,ARRB1,0.0,,False,ARRB1
504,2068,315.0,CABP2,0.0,,False,CABP2
505,2061,57.0,EIF2B1,0.0,,False,EIF2B1
506,2059,256.0,GEMIN6,0.0,,False,GEMIN6
507,2057,58.0,IFNGR1,0.0,,False,IFNGR1
508,2055,86.0,AP1B1,0.0,,False,AP1B1
509,2053,25.0,DARS,0.0,,False,DARS
510,2050,3.0,HMG20B,0.0,,False,HMG20B
511,2048,1.0,DCAF11,2.32407953773e+12,,False,DCAF11
512,2046,31.0,KDM4A,0.0,,False,KDM4A
513,2043,98.0,PEX5,0.0,,False,PEX5
514,2042,98.0,CRAT,0.0,,False,CRAT
515,2038,316.0,GRK1,0.0,,False,GRK1
516,2037,316.0,RHO,0.0,,False,RHO
517,2035,317.0,EXOC4,0.0,,False,EXOC4
518,2034,317.0,EXOC3,0.0,,False,EXOC3
519,2031,318.0,PSEN2,0.0,,False,PSEN2
520,2027,319.0,GCG,0.0,,False,GCG
521,2026,319.0,GLP1R,0.0,,False,GLP1R
522,2022,320.0,AKAP12,5.20543672214e+12,,False,AKAP12
523,2021,320.0,ADRB2,5.20543672214e+12,0.268774108853,False,ADRB2
524,2018,321.0,F9,0.0,,False,F9
525,2016,322.0,GDF9,0.0,,False,GDF9
526,2015,322.0,BMPR1A,0.0,,False,BMPR1A
527,2013,118.0,PLRG1,0.0,,False,PLRG1
528,2011,323.0,TAL1,0.0,,False,TAL1
529,2009,324.0,APOC2,0.0,,False,APOC2
530,2008,324.0,LPL,0.0,,False,LPL
531,2006,2.0,NPHS1,0.0,,False,NPHS1
532,2001,102.0,CD8A,0.0,,False,CD8A
533,2000,102.0,CD8B,0.0,,False,CD8B
534,1997,325.0,C2,2.32407953773e+12,0.12,False,C2
535,1996,325.0,C5,2.32407953773e+12,,False,C5
536,1994,326.0,COPS4,0.0,,False,COPS4
537,1990,306.0,VIM,0.0,,False,VIM
538,1987,327.0,UCN,0.0,,False,UCN
539,1986,327.0,CRHR2,0.0,,False,CRHR2
540,1981,16.0,CDC26,2.32407953773e+12,,False,CDC26
541,1979,59.0,ARHGAP21,0.0,,False,ARHGAP21
542,1977,328.0,CCNE1,2.56648337078e+12,,False,CCNE1
543,1975,329.0,RPLP2,0.0,,False,RPLP2
544,1973,119.0,KLRC2,0.0,,False,KLRC2
545,1971,321.0,F8,0.0,,False,F8
546,1969,330.0,TERF2IP,0.0,,False,TERF2IP
547,1967,116.0,TNFSF4,0.0,,False,TNFSF4
548,1966,116.0,TNFRSF4,0.0,,False,TNFRSF4
549,1963,331.0,POLR1B,0.0,,False,POLR1B
550,1962,331.0,POLR1E,0.0,,False,POLR1E
551,1958,120.0,CTSD,0.0,,False,CTSD
552,1954,92.0,RBBP5,0.0,,False,RBBP5
553,1953,92.0,NCOA6,0.0,,False,NCOA6
554,1951,332.0,SNRPB,0.0,,False,SNRPB
555,1950,332.0,SNRPE,0.0,,False,SNRPE
556,1948,333.0,BIRC7,0.0,,False,BIRC7
557,1947,333.0,DIABLO,0.0,,False,DIABLO
558,1944,334.0,CD209,0.0,,False,CD209
559,1943,334.0,ICAM3,0.0,,False,ICAM3
560,1936,335.0,CD244,0.0,,False,CD244
561,1935,335.0,CD48,0.0,,False,CD48
562,1933,121.0,TGFBRAP1,0.0,,False,TGFBRAP1
563,1931,85.0,FCGR3A,0.0,,False,FCGR3A
564,1928,,POLR1A,,,False,POLR1A
565,1927,,POLR2E,,,False,POLR2E
566,1925,49.0,MSH2,0.0,,False,MSH2
567,1922,,UHRF1,,,False,UHRF1
568,1917,96.0,CDX2,0.0,,False,CDX2
569,1914,66.0,DKC1,0.0,,False,DKC1
570,1913,66.0,NHP2,0.0,,False,NHP2
571,1909,336.0,CDK5R1,0.0,,False,CDK5R1
572,1908,336.0,CDK5RAP3,0.0,,False,CDK5RAP3
573,1906,4.0,NPLOC4,0.0,,False,NPLOC4
574,1904,337.0,CBLC,0.0,,False,CBLC
575,1902,122.0,GNG7,0.0,,False,GNG7
576,1900,338.0,MID2,0.0,,False,MID2
577,1899,338.0,IGBP1,0.0,,False,IGBP1
578,1894,,MYBL2,,,False,MYBL2
579,1892,339.0,NFKB2,0.0,,False,NFKB2
580,1889,11.0,GNL3,0.0,,False,GNL3
581,1886,,PSMD3,,,False,PSMD3
582,1884,340.0,RNF20,0.0,,False,RNF20
583,1883,340.0,RNF40,0.0,,False,RNF40
584,1877,341.0,TRDN,0.0,,False,TRDN
585,1876,341.0,CASQ2,0.0,,False,CASQ2
586,1874,342.0,XK,0.0,,False,XK
587,1873,342.0,KEL,0.0,,False,KEL
588,1870,170.0,IRF3,0.0,,False,IRF3
589,1865,343.0,FBXW7,0.0,,False,FBXW7
590,1861,4.0,UBXN4,0.0,,False,UBXN4
591,1858,123.0,BMP8B,0.0,,False,BMP8B
592,1856,54.0,PNN,0.0,,False,PNN
593,1854,1.0,DCAF1,2.32407953773e+12,,False,DCAF1
594,1851,344.0,PRKD1,0.0,,False,PRKD1
595,1849,84.0,RAB5A,0.0,,False,RAB5A
596,1848,84.0,RAB7A,0.0,,False,RAB7A
597,1846,,CBX5,,,False,CBX5
598,1845,255.0,DNMT3A,0.0,,False,DNMT3A
599,1843,115.0,KRT18,0.0,,False,KRT18
600,1841,,TAF4,,,False,TAF4
601,1839,,ARPC5,,,False,ARPC5
602,1837,345.0,ATG3,0.0,,False,ATG3
603,1836,345.0,MAP1LC3A,0.0,,False,MAP1LC3A
604,1834,346.0,AP1G1,0.0,,False,AP1G1
605,1832,49.0,MLH1,0.0,,False,MLH1
606,1831,49.0,MSH6,0.0,,False,MSH6
607,1829,347.0,IL1B,0.0,,False,IL1B
608,1828,347.0,A2M,0.0,,False,A2M
609,1825,348.0,PRPH2,0.0,,False,PRPH2
610,1824,348.0,ROM1,0.0,,False,ROM1
611,1822,349.0,IGFBP3,4.69400216368e+12,0.122367031979,False,IGFBP3
612,1821,349.0,KLK3,4.69400216368e+12,0.12,False,KLK3
613,1818,,DDX58,,,False,DDX58
614,1816,25.0,AIMP1,0.0,,False,AIMP1
615,1814,,COPA,,,False,COPA
616,1809,350.0,NPR2,0.0,,False,NPR2
617,1808,350.0,NPPC,0.0,,False,NPPC
618,1806,351.0,PRLH,0.0,,False,PRLH
619,1805,351.0,PRLHR,0.0,,False,PRLHR
620,1803,22.0,KLF16,0.0,,False,KLF16
621,1800,83.0,ERCC1,0.0,,False,ERCC1
622,1799,83.0,SLX4,0.0,,False,SLX4
623,1797,352.0,TRAK1,0.0,,False,TRAK1
624,1796,352.0,RHOT1,0.0,,False,RHOT1
625,1794,15.0,JUN,0.0,,False,JUN
626,1791,124.0,CDH3,0.0,,False,CDH3
627,1786,7.0,CCND2,0.0,,False,CCND2
628,1784,353.0,TERT,0.0,,False,TERT
629,1782,44.0,THOC5,0.0,,False,THOC5
630,1779,,NEDD4,,,False,NEDD4
631,1777,22.0,KLF11,0.0,,False,KLF11
632,1775,264.0,CBLB,0.0,,False,CBLB
633,1774,2.0,VAV1,0.0,,False,VAV1
634,1770,14.0,MAP3K3,0.0,,False,MAP3K3
635,1768,211.0,ITGA4,0.0,,False,ITGA4
636,1766,191.0,SUMO2,0.0,,False,SUMO2
637,1764,45.0,PPP6R1,0.0,,False,PPP6R1
638,1762,31.0,PRMT5,0.0,,False,PRMT5
639,1758,354.0,TAF12,0.0,,False,TAF12
640,1757,354.0,TAF11,0.0,,False,TAF11
641,1755,355.0,USP7,0.0,,False,USP7
642,1753,356.0,HLTF,0.0,,False,HLTF
643,1752,356.0,RAD18,0.0,,False,RAD18
644,1750,104.0,RASA1,0.0,,False,RASA1
645,1748,357.0,SNTA1,0.0,,False,SNTA1
646,1747,357.0,ABCA1,0.0,,False,ABCA1
647,1744,358.0,FLNA,0.0,,False,FLNA
648,1743,358.0,DRD1,0.0,,False,DRD1
649,1741,359.0,LNX2,0.0,,False,LNX2
650,1740,359.0,NUMB,0.0,,False,NUMB
651,1738,112.0,CD40,0.0,,False,CD40
652,1737,112.0,JAK3,0.0,,False,JAK3
653,1732,360.0,CST3,0.0,,False,CST3
654,1731,360.0,CTSS,0.0,,False,CTSS
655,1729,2.0,GRIN2A,0.0,,False,GRIN2A
656,1727,,CD19,,,False,CD19
657,1724,,CST7,,,False,CST7
658,1723,288.0,CTSB,0.0,,False,CTSB
659,1719,361.0,SMC2,2.32407953773e+12,0.12,False,SMC2
660,1717,272.0,HSP90AB1,0.0,,False,HSP90AB1
661,1715,,CCT2,,,False,CCT2
662,1713,17.0,RANBP2,0.0,,False,RANBP2
663,1710,362.0,IL15RA,0.0,,False,IL15RA
664,1709,362.0,IL2RG,0.0,,False,IL2RG
665,1707,,CD81,,,False,CD81
666,1705,71.0,TRIM24,0.0,,False,TRIM24
667,1703,59.0,CYTH1,0.0,,False,CYTH1
668,1700,346.0,AP1M1,0.0,,False,AP1M1
669,1698,363.0,CHRNA3,0.0,,False,CHRNA3
670,1697,363.0,CHRNB4,0.0,,False,CHRNB4
671,1695,364.0,RGS19,0.0,,False,RGS19
672,1694,364.0,GNAI1,0.0,,False,GNAI1
673,1690,,PSMD1,,,False,PSMD1
674,1688,365.0,CREB1,0.0,,False,CREB1
675,1687,365.0,ATF1,0.0,,False,ATF1
676,1682,17.0,PTHLH,0.0,,False,PTHLH
677,1680,32.0,CDC42EP5,0.0,,False,CDC42EP5
678,1678,60.0,LSM3,0.0,,False,LSM3
679,1675,42.0,PRDX1,0.0,,False,PRDX1
680,1673,366.0,TICAM1,0.0,,False,TICAM1
681,1672,366.0,TRAF1,0.0,,False,TRAF1
682,1669,97.0,NRP1,2.32407953773e+12,0.12,False,NRP1
683,1667,367.0,NUDC,0.0,,False,NUDC
684,1666,367.0,PAFAH1B1,0.0,,False,PAFAH1B1
685,1664,125.0,HNRNPA2B1,0.0,,False,HNRNPA2B1
686,1662,,NPM1,,,False,NPM1
687,1660,368.0,TMED9,0.0,,False,TMED9
688,1659,368.0,TMED10,0.0,,False,TMED10
689,1657,7.0,CDT1,0.0,,False,CDT1
690,1654,96.0,CREBBP,0.0,,False,CREBBP
691,1652,369.0,CDCA8,0.0,,False,CDCA8
692,1650,2.0,DLG4,0.0,,False,DLG4
693,1647,370.0,ITGB2,0.0,,False,ITGB2
694,1646,370.0,TLN1,0.0,,False,TLN1
695,1644,371.0,ZWINT,0.0,,False,ZWINT
696,1643,371.0,BECN1,0.0,,False,BECN1
697,1641,372.0,CDC73,0.0,,False,CDC73
698,1639,373.0,PLK1,2.33985085024e+12,0.120814325616,False,PLK1
699,1638,373.0,BORA,2.33985085024e+12,,False,BORA
700,1636,374.0,PLXNB1,0.0,,False,PLXNB1
701,1635,374.0,RND3,0.0,,False,RND3
702,1633,375.0,NCKAP1,0.0,,False,NCKAP1
703,1631,,MAPK8IP1,,,False,MAPK8IP1
704,1629,,CBX2,,,False,CBX2
705,1625,376.0,FGA,0.0,,False,FGA
706,1624,376.0,PLAT,0.0,,False,PLAT
707,1622,76.0,KIAA0101,2.32407953773e+12,0.12,False,KIAA0101
708,1620,,RPS15,,,False,RPS15
709,1616,126.0,TIPRL,0.0,,False,TIPRL
710,1614,93.0,NTRK3,2.32407953773e+12,0.12,False,NTRK3
711,1611,315.0,CAMK2G,0.0,,False,CAMK2G
712,1609,377.0,CTSL,0.0,,False,CTSL
713,1608,377.0,SERPINB13,0.0,,False,SERPINB13
714,1606,378.0,VDAC1,2.32407953773e+12,0.12,False,VDAC1
715,1605,378.0,CKMT1A,2.32407953773e+12,,False,CKMT1A
716,1603,379.0,MEF2C,0.0,,False,MEF2C
717,1602,379.0,HDAC7,0.0,,False,HDAC7
718,1599,380.0,PRPF3,0.0,,False,PRPF3
719,1598,380.0,SART3,0.0,,False,SART3
720,1596,122.0,GNG12,0.0,,False,GNG12
721,1594,381.0,NPPB,0.0,,False,NPPB
722,1593,381.0,NPR3,0.0,,False,NPR3
723,1591,105.0,POLR3F,0.0,,False,POLR3F
724,1590,105.0,POLR3C,0.0,,False,POLR3C
725,1588,32.0,ARHGAP32,0.0,,False,ARHGAP32
726,1586,,TRAF2,,,False,TRAF2
727,1585,,TNF,,,False,TNF
728,1583,,RPS11,,,False,RPS11
729,1581,382.0,BRCA2,9.29631815092e+12,0.48,False,BRCA2
730,1579,,EIF3K,,,False,EIF3K
731,1575,383.0,ARAF,0.0,,False,ARAF
732,1573,,MAP3K11,,,False,MAP3K11
733,1571,58.0,STAT5B,0.0,,False,STAT5B
734,1569,28.0,SF3B1,0.0,,False,SF3B1
735,1567,384.0,FN1,0.0,,False,FN1
736,1566,384.0,COL2A1,0.0,,False,COL2A1
737,1563,43.0,RPL35,0.0,,False,RPL35
738,1561,385.0,VAMP2,0.0,,False,VAMP2
739,1560,385.0,NAPA,0.0,,False,NAPA
740,1558,,MLLT3,,,False,MLLT3
741,1556,,PCGF2,,,False,PCGF2
742,1554,,CTTN,,,False,CTTN
743,1553,289.0,TJP1,0.0,,False,TJP1
744,1550,,TP53BP1,,,False,TP53BP1
745,1545,386.0,ACTN4,0.0,,False,ACTN4
746,1544,386.0,ACTN2,0.0,,False,ACTN2
747,1542,387.0,PNO1,0.0,,False,PNO1
748,1541,387.0,BYSL,0.0,,False,BYSL
749,1539,127.0,CCT7,0.0,,False,CCT7
750,1537,388.0,RIPK3,0.0,,False,RIPK3
751,1536,388.0,FADD,0.0,,False,FADD
752,1533,389.0,PIK3R2,0.0,,False,PIK3R2
753,1530,128.0,UIMC1,0.0,,False,UIMC1
754,1528,390.0,PSMD10,0.0,,False,PSMD10
755,1526,7.0,CCNK,0.0,,False,CCNK
756,1524,2.0,SKAP2,0.0,,False,SKAP2
757,1522,391.0,USP9X,0.0,,False,USP9X
758,1520,392.0,MAP3K2,0.0,,False,MAP3K2
759,1519,392.0,PKN2,0.0,,False,PKN2
760,1516,125.0,PRKCZ,0.0,,False,PRKCZ
761,1514,56.0,TOPBP1,6.97223861319e+12,,False,TOPBP1
762,1512,129.0,SFN,0.0,,False,SFN
763,1509,393.0,SFPQ,0.0,,False,SFPQ
764,1506,394.0,SEL1L,0.0,,False,SEL1L
765,1505,394.0,OS9,0.0,,False,OS9
766,1503,395.0,MYBBP1A,0.0,,False,MYBBP1A
767,1502,395.0,AR,0.0,,False,AR
768,1500,396.0,PLD1,0.0,,False,PLD1
769,1499,396.0,RALA,0.0,,False,RALA
770,1497,382.0,KAT2B,9.29631815092e+12,,False,KAT2B
771,1495,397.0,DNAJA1,0.0,,False,DNAJA1
772,1494,397.0,PARK2,0.0,,False,PARK2
773,1490,215.0,VPS26A,0.0,,False,VPS26A
774,1489,240.0,VPS35,0.0,,False,VPS35
775,1487,398.0,ABCC9,0.0,,False,ABCC9
776,1486,398.0,KCNJ8,0.0,,False,KCNJ8
777,1483,399.0,ARID1A,0.0,,False,ARID1A
778,1481,97.0,KDR,2.32407953773e+12,,False,KDR
779,1479,400.0,CUL4A,0.0,,False,CUL4A
780,1478,400.0,FBXW5,0.0,,False,FBXW5
781,1476,18.0,MEF2D,0.0,,False,MEF2D
782,1474,401.0,EZH1,0.0,,False,EZH1
783,1473,401.0,SUZ12,0.0,,False,SUZ12
784,1471,9.0,SPSB2,0.0,,False,SPSB2
785,1467,10.0,ITSN1,0.0,,False,ITSN1
786,1464,51.0,RASSF5,0.0,,False,RASSF5
787,1460,402.0,BMP6,2.3293366419e+12,0.120271441872,False,BMP6
788,1459,402.0,BMPR1B,2.3293366419e+12,,False,BMPR1B
789,1457,,PGR,,0.122714418721,False,PGR
790,1455,403.0,PINK1,0.0,,False,PINK1
791,1454,403.0,TOMM20,0.0,,False,TOMM20
792,1451,126.0,PPP4C,0.0,,False,PPP4C
793,1450,126.0,PPP4R3A,0.0,,False,PPP4R3A
794,1447,221.0,PFDN5,0.0,,False,PFDN5
795,1445,,ARPC3,,,False,ARPC3
796,1443,404.0,KIF5A,0.0,,False,KIF5A
797,1442,404.0,KLC1,0.0,,False,KLC1
798,1439,,SNCA,,0.123810117731,False,SNCA
799,1437,405.0,ILF3,0.0,,False,ILF3
800,1436,405.0,PRKDC,0.0,,False,PRKDC
801,1434,52.0,HTRA2,0.0,,False,HTRA2
802,1432,406.0,SLC7A11,0.0,,False,SLC7A11
803,1431,406.0,SLC3A2,0.0,,False,SLC3A2
804,1427,110.0,RAG1,2.32407953773e+12,,False,RAG1
805,1426,110.0,KPNA2,2.32407953773e+12,0.12,False,KPNA2
806,1424,53.0,INO80E,0.0,,False,INO80E
807,1421,407.0,TRIM6,0.0,,False,TRIM6
808,1419,,BTK,,,False,BTK
809,1417,408.0,BRINP1,0.0,,False,BRINP1
810,1416,408.0,SIRT1,0.0,,False,SIRT1
811,1413,40.0,SNRPD2,0.0,,False,SNRPD2
812,1411,130.0,AXIN2,0.0,,False,AXIN2
813,1407,409.0,SREK1,0.0,,False,SREK1
814,1406,409.0,SRSF2,0.0,,False,SRSF2
815,1404,410.0,AIMP2,0.0,,False,AIMP2
816,1402,,GOSR1,,,False,GOSR1
817,1400,146.0,HNRNPD,0.0,,False,HNRNPD
818,1399,153.0,HSPA8,0.0,,False,HSPA8
819,1397,411.0,MED31,0.0,,False,MED31
820,1396,411.0,MED18,0.0,,False,MED18
821,1393,412.0,SNX33,0.0,,False,SNX33
822,1392,412.0,SNX9,0.0,,False,SNX9
823,1390,413.0,TCEANC,0.0,,False,TCEANC
824,1389,413.0,ZKSCAN7,0.0,,False,ZKSCAN7
825,1386,94.0,CHAF1A,0.0,,False,CHAF1A
826,1384,414.0,USP22,0.0,,False,USP22
827,1382,,PSMC2,,,False,PSMC2
828,1380,,ING3,,,False,ING3
829,1377,44.0,ALYREF,0.0,,False,ALYREF
830,1374,415.0,STX3,0.0,,False,STX3
831,1373,415.0,VAMP3,0.0,,False,VAMP3
832,1368,416.0,RPS17,0.0,,False,RPS17
833,1367,416.0,RPS25,0.0,,False,RPS25
834,1365,,MARK3,,,False,MARK3
835,1362,417.0,SMAD4,2.32407953773e+12,0.12,False,SMAD4
836,1361,417.0,PIAS4,2.32407953773e+12,,False,PIAS4
837,1359,418.0,HMGA1,0.0,,False,HMGA1
838,1358,418.0,NFKB1,0.0,,False,NFKB1
839,1356,131.0,PRKCG,0.0,,False,PRKCG
840,1354,12.0,GNG3,0.0,,False,GNG3
841,1352,419.0,STAG1,0.0,,False,STAG1
842,1351,419.0,SMC1A,0.0,,False,SMC1A
843,1348,,RPS5,,,False,RPS5
844,1346,123.0,NOG,0.0,,False,NOG
845,1345,123.0,BMP4,0.0,,False,BMP4
846,1343,420.0,WASL,0.0,,False,WASL
847,1342,420.0,PFN1,0.0,,False,PFN1
848,1340,421.0,RLN3,0.0,,False,RLN3
849,1338,,ALK,,,False,ALK
850,1336,422.0,F10,2.32407953773e+12,,False,F10
851,1334,423.0,CS,0.0,,False,CS
852,1333,423.0,MDH2,0.0,,False,MDH2
853,1331,20.0,CXCL11,2.32407953773e+12,,False,CXCL11
854,1328,,MYB,,,False,MYB
855,1326,108.0,IKBKB,0.0,,False,IKBKB
856,1325,108.0,IKBKE,0.0,,False,IKBKE
857,1323,424.0,TGFB1I1,0.0,,False,TGFB1I1
858,1322,424.0,CRKL,0.0,,False,CRKL
859,1316,425.0,MEF2A,0.0,,False,MEF2A
860,1315,425.0,TEAD1,0.0,,False,TEAD1
861,1312,32.0,CDC42BPA,0.0,,False,CDC42BPA
862,1310,422.0,PROS1,2.32407953773e+12,0.12,False,PROS1
863,1308,353.0,XRCC5,0.0,,False,XRCC5
864,1305,15.0,SATB1,0.0,,False,SATB1
865,1303,132.0,TAF3,0.0,,False,TAF3
866,1301,,BMI1,,,False,BMI1
867,1299,2.0,MAPT,0.0,,False,MAPT
868,1298,2.0,FYN,0.0,,False,FYN
869,1296,,PSMB10,,,False,PSMB10
870,1294,22.0,BCL6,0.0,,False,BCL6
871,1292,426.0,PAAF1,0.0,,False,PAAF1
872,1290,427.0,PICK1,0.0,,False,PICK1
873,1289,427.0,EPHB2,0.0,,False,EPHB2
874,1287,428.0,SHANK2,0.0,,False,SHANK2
875,1286,428.0,SSTR2,0.0,,False,SSTR2
876,1284,429.0,GPAA1,0.0,,False,GPAA1
877,1283,429.0,PIGT,0.0,,False,PIGT
878,1281,133.0,LBR,0.0,,False,LBR
879,1279,39.0,IRS2,2.33985085024e+12,,False,IRS2
880,1277,52.0,LATS1,0.0,,False,LATS1
881,1276,52.0,MOB1B,0.0,,False,MOB1B
882,1274,232.0,PER2,0.0,,False,PER2
883,1272,4.0,FAF2,0.0,,False,FAF2
884,1270,,FOS,,,False,FOS
885,1268,101.0,STX2,0.0,,False,STX2
886,1267,101.0,STXBP2,0.0,,False,STXBP2
887,1265,430.0,ITGB1,0.0,,False,ITGB1
888,1264,430.0,ITGB1BP2,0.0,,False,ITGB1BP2
889,1262,27.0,CXCL8,7.15136484913e+12,,False,CXCL8
890,1260,310.0,RNF4,0.0,,False,RNF4
891,1258,,TCP1,,,False,TCP1
892,1256,431.0,AURKA,0.0,,False,AURKA
893,1255,431.0,INCENP,0.0,,False,INCENP
894,1252,432.0,FER,0.0,,False,FER
895,1250,134.0,PMAIP1,0.0,,False,PMAIP1
896,1248,48.0,TAF6,0.0,,False,TAF6
897,1246,433.0,PLEC,0.0,,False,PLEC
898,1245,433.0,SPTAN1,0.0,,False,SPTAN1
899,1243,434.0,CDKN1B,0.0,,False,CDKN1B
900,1242,434.0,CKS1B,0.0,,False,CKS1B
901,1240,,APAF1,,,False,APAF1
902,1238,435.0,EIF2B2,0.0,,False,EIF2B2
903,1236,,STX5,,,False,STX5
904,1235,436.0,GOSR2,0.0,,False,GOSR2
905,1233,,MORF4L1,,,False,MORF4L1
906,1231,,TAF9,,,False,TAF9
907,1230,,TAF13,,,False,TAF13
908,1228,437.0,LIMK1,0.0,,False,LIMK1
909,1227,437.0,ROCK1,0.0,,False,ROCK1
910,1225,438.0,SNRNP200,0.0,,False,SNRNP200
911,1222,,MCM3,,,False,MCM3
912,1221,,STAT1,,,False,STAT1
913,1219,323.0,TCF4,0.0,,False,TCF4
914,1217,12.0,GNG10,0.0,,False,GNG10
915,1215,439.0,PSTPIP1,0.0,,False,PSTPIP1
916,1214,439.0,FASLG,0.0,,False,FASLG
917,1212,1.0,TRPC4AP,2.32407953773e+12,,False,TRPC4AP
918,1208,234.0,PARP1,0.0,,False,PARP1
919,1206,23.0,AGO4,0.0,,False,AGO4
920,1205,23.0,TNRC6A,0.0,,False,TNRC6A
921,1202,61.0,PTGIR,0.0,,False,PTGIR
922,1200,43.0,RPL19,0.0,,False,RPL19
923,1199,43.0,RPL23A,0.0,,False,RPL23A
924,1197,440.0,POLI,0.0,,False,POLI
925,1196,440.0,POLH,0.0,,False,POLH
926,1194,18.0,SOX9,0.0,,False,SOX9
927,1192,,LIN54,,,False,LIN54
928,1190,441.0,CASK,0.0,,False,CASK
929,1189,441.0,KCNJ4,0.0,,False,KCNJ4
930,1187,,NRIP1,,,False,NRIP1
931,1185,85.0,LCK,0.0,,False,LCK
932,1183,13.0,TRIM17,0.0,,False,TRIM17
933,1181,29.0,RPS9,0.0,,False,RPS9
934,1178,442.0,CAPZB,0.0,,False,CAPZB
935,1177,442.0,CAPZA1,0.0,,False,CAPZA1
936,1175,,ASAP2,,,False,ASAP2
937,1173,390.0,PSMD14,0.0,,False,PSMD14
938,1171,,PSMD4,,,False,PSMD4
939,1168,15.0,SUMO1,0.0,,False,SUMO1
940,1167,15.0,SART1,0.0,,False,SART1
941,1165,361.0,NCAPG,2.32407953773e+12,,False,NCAPG
942,1163,50.0,PTPRC,0.0,,False,PTPRC
943,1161,135.0,ASB1,0.0,,False,ASB1
944,1159,3.0,SUDS3,0.0,,False,SUDS3
945,1157,21.0,MED17,0.0,,False,MED17
946,1155,,RBL2,,,False,RBL2
947,1153,443.0,ATG16L1,0.0,,False,ATG16L1
948,1152,443.0,ATG12,0.0,,False,ATG12
949,1150,159.0,HIST3H3,0.0,,False,HIST3H3
950,1148,,MED26,,,False,MED26
951,1146,136.0,SEH1L,0.0,,False,SEH1L
952,1144,444.0,MARCKS,0.0,,False,MARCKS
953,1142,131.0,AXIN1,0.0,,False,AXIN1
954,1140,445.0,GC,2.38043683429e+12,0.122909915723,False,GC
955,1139,445.0,ACTC1,2.38043683429e+12,,False,ACTC1
956,1137,435.0,EIF2B3,0.0,,False,EIF2B3
957,1135,55.0,POLR3B,0.0,,False,POLR3B
958,1133,44.0,THOC1,0.0,,False,THOC1
959,1131,25.0,IARS,0.0,,False,IARS
960,1129,175.0,PALB2,4.18008406952e+12,,False,PALB2
961,1127,53.0,UCHL5,0.0,,False,UCHL5
962,1125,137.0,AP3S1,0.0,,False,AP3S1
963,1123,446.0,TRAF5,0.0,,False,TRAF5
964,1122,446.0,TNFRSF8,0.0,,False,TNFRSF8
965,1120,447.0,EIF3M,0.0,,False,EIF3M
966,1116,,ERBB3,,0.160315488506,False,ERBB3
967,1114,,RPS20,,,False,RPS20
968,1112,119.0,CALR,0.0,,False,CALR
969,1111,119.0,HLA-E,0.0,,False,HLA-E
970,1109,30.0,TRIM32,0.0,,False,TRIM32
971,1107,,ACTR2,,,False,ACTR2
972,1105,109.0,ATRIP,0.0,,False,ATRIP
973,1104,109.0,RPA1,0.0,,False,RPA1
974,1102,,NCAPD2,,,False,NCAPD2
975,1100,26.0,OCRL,2.3293366419e+12,,False,OCRL
976,1098,69.0,BAG1,0.0,,False,BAG1
977,1095,448.0,SMAD1,0.0,,False,SMAD1
978,1094,448.0,WWP1,0.0,,False,WWP1
979,1092,16.0,CDH1,2.32407953773e+12,,False,CDH1
980,1090,,TCF3,,,False,TCF3
981,1088,11.0,NCL,0.0,,False,NCL
982,1086,375.0,NCK1,0.0,,False,NCK1
983,1084,24.0,SSRP1,0.0,,False,SSRP1
984,1082,399.0,SMARCA2,0.0,,False,SMARCA2
985,1080,64.0,CUL3,0.0,,False,CUL3
986,1077,296.0,CASP8,0.0,,False,CASP8
987,1075,241.0,PRPF8,0.0,,False,PRPF8
988,1073,5.0,ERCC6,0.0,,False,ERCC6
989,1071,27.0,PZP,7.15136484913e+12,0.12,False,PZP
990,1070,27.0,MMP9,7.15136484913e+12,0.129248886694,False,MMP9
991,1068,55.0,POLR3A,0.0,,False,POLR3A
992,1066,213.0,SMC3,0.0,,False,SMC3
993,1064,,PML,,,False,PML
994,1062,106.0,MED10,0.0,,False,MED10
995,1061,106.0,CCNC,0.0,,False,CCNC
996,1059,,CDK7,,0.12,False,CDK7
997,1057,60.0,LSM6,0.0,,False,LSM6
998,1055,449.0,CAMK4,0.0,,False,CAMK4
999,1054,449.0,CAMKK2,0.0,,False,CAMKK2
1000,1051,31.0,SETD7,0.0,,False,SETD7
1001,1049,122.0,GNB2,0.0,,False,GNB2
1002,1048,12.0,GNG5,0.0,,False,GNG5
1003,1045,299.0,POLA1,0.0,,False,POLA1
1004,1044,76.0,PCNA,2.32407953773e+12,,False,PCNA
1005,1042,450.0,GABARAP,0.0,,False,GABARAP
1006,1040,451.0,DHH,0.0,,False,DHH
1007,1039,451.0,HHIP,0.0,,False,HHIP
1008,1037,60.0,LSM2,0.0,,False,LSM2
1009,1036,60.0,LSM4,0.0,,False,LSM4
1010,1034,452.0,FAAP24,0.0,,False,FAAP24
1011,1033,452.0,FANCM,0.0,,False,FANCM
1012,1031,,RPS14,,,False,RPS14
1013,1029,372.0,WDR61,0.0,,False,WDR61
1014,1027,220.0,NCOA2,0.0,,False,NCOA2
1015,1025,453.0,WASF2,0.0,,False,WASF2
1016,1024,453.0,ACTR3,0.0,,False,ACTR3
1017,1022,138.0,PEF1,0.0,,False,PEF1
1018,1020,,TRIM25,,,False,TRIM25
1019,1018,454.0,SCRIB,0.0,,False,SCRIB
1020,1017,454.0,ARHGEF7,0.0,,False,ARHGEF7
1021,1015,326.0,COPS7A,0.0,,False,COPS7A
1022,1013,438.0,PRPF6,0.0,,False,PRPF6
1023,1010,33.0,DLL4,0.0,,False,DLL4
1024,1008,1.0,DTL,2.32407953773e+12,0.12,False,DTL
1025,1006,174.0,ACIN1,0.0,,False,ACIN1
1026,1003,,RNF8,,,False,RNF8
1027,1000,9.0,ASB8,0.0,,False,ASB8
1028,997,,COPB2,,,False,COPB2
1029,996,,COPG2,,,False,COPG2
1030,994,9.0,SPSB1,0.0,,False,SPSB1
1031,992,20.0,CXCL12,2.32407953773e+12,,False,CXCL12
1032,989,6.0,TUBA4A,2.43486341944e+12,,False,TUBA4A
1033,987,136.0,SEC13,0.0,,False,SEC13
1034,986,136.0,NUP107,0.0,,False,NUP107
1035,984,8.0,FBXO31,0.0,,False,FBXO31
1036,982,455.0,CTBP2,0.0,,False,CTBP2
1037,981,455.0,HIC1,0.0,,False,HIC1
1038,979,456.0,YWHAB,0.0,,False,YWHAB
1039,978,456.0,RIN1,0.0,,False,RIN1
1040,976,355.0,RNF2,0.0,,False,RNF2
1041,973,68.0,LRR1,2.36992262595e+12,,False,LRR1
1042,971,115.0,YWHAQ,0.0,,False,YWHAQ
1043,969,139.0,IL20RB,0.0,,False,IL20RB
1044,967,,DNMT1,,,False,DNMT1
1045,965,,PSMA1,,,False,PSMA1
1046,963,457.0,STK11,0.0,,False,STK11
1047,962,457.0,CDC37,0.0,,False,CDC37
1048,960,,PSMC6,,,False,PSMC6
1049,958,344.0,HDAC5,0.0,,False,HDAC5
1050,956,,MED16,,,False,MED16
1051,954,51.0,RASSF6,0.0,,False,RASSF6
1052,951,458.0,PDCD6IP,0.0,,False,PDCD6IP
1053,950,458.0,VPS4B,0.0,,False,VPS4B
1054,948,79.0,GNAO1,0.0,,False,GNAO1
1055,947,79.0,ADRA2A,0.0,,False,ADRA2A
1056,945,100.0,UBA1,0.0,,False,UBA1
1057,944,100.0,UBE2L3,0.0,,False,UBE2L3
1058,942,459.0,RAMP2,0.0,,False,RAMP2
1059,941,459.0,CALCRL,0.0,,False,CALCRL
1060,939,460.0,CCNA1,0.0,,False,CCNA1
1061,938,460.0,HIST1H1A,0.0,,False,HIST1H1A
1062,934,103.0,SIRPA,0.0,,False,SIRPA
1063,933,103.0,CD47,0.0,,False,CD47
1064,931,21.0,MED23,0.0,,False,MED23
1065,929,461.0,NRAS,0.0,,False,NRAS
1066,928,461.0,SHOC2,0.0,,False,SHOC2
1067,926,,DCTN1,,,False,DCTN1
1068,924,4.0,VCPIP1,0.0,,False,VCPIP1
1069,922,462.0,CD2AP,0.0,,False,CD2AP
1070,921,462.0,MVB12A,0.0,,False,MVB12A
1071,919,70.0,MCC,0.0,,False,MCC
1072,918,70.0,CSNK1E,0.0,,False,CSNK1E
1073,916,463.0,RUVBL2,0.0,,False,RUVBL2
1074,915,463.0,ACTR8,0.0,,False,ACTR8
1075,913,,SNAI1,,,False,SNAI1
1076,911,432.0,STAT3,0.0,,False,STAT3
1077,909,130.0,GSK3B,0.0,,False,GSK3B
1078,908,130.0,AKAP11,0.0,,False,AKAP11
1079,904,464.0,NMU,0.0,,False,NMU
1080,903,464.0,NMUR2,0.0,,False,NMUR2
1081,899,465.0,HAND2,0.0,,False,HAND2
1082,898,465.0,HAND1,0.0,,False,HAND1
1083,896,466.0,CD247,0.0,,False,CD247
1084,895,466.0,CD3E,0.0,,False,CD3E
1085,893,467.0,TEC,0.0,,False,TEC
1086,892,467.0,DOK1,0.0,,False,DOK1
1087,889,6.0,PIAS2,2.43486341944e+12,,False,PIAS2
1088,887,59.0,ARF1,0.0,,False,ARF1
1089,886,59.0,PIP5K1A,0.0,,False,PIP5K1A
1090,884,40.0,CLNS1A,0.0,,False,CLNS1A
1091,883,40.0,SNRPD3,0.0,,False,SNRPD3
1092,881,4.0,ANKZF1,0.0,,False,ANKZF1
1093,879,68.0,CUL2,2.36992262595e+12,0.122367031979,False,CUL2
1094,877,41.0,IL1A,2.64259058176e+12,,False,IL1A
1095,875,468.0,RFX1,0.0,,False,RFX1
1096,874,468.0,RFX2,0.0,,False,RFX2
1097,872,469.0,FANCA,0.0,,False,FANCA
1098,871,469.0,FAAP100,0.0,,False,FAAP100
1099,869,1.0,WDTC1,2.32407953773e+12,,False,WDTC1
1100,867,4.0,ASPSCR1,0.0,,False,ASPSCR1
1101,865,470.0,CFI,0.0,,False,CFI
1102,864,470.0,CFH,0.0,,False,CFH
1103,862,471.0,SLC22A1,0.0,,False,SLC22A1
1104,861,471.0,POU2AF1,0.0,,False,POU2AF1
1105,859,472.0,CREM,0.0,,False,CREM
1106,858,472.0,FHL5,0.0,,False,FHL5
1107,856,,STUB1,,,False,STUB1
1108,854,473.0,RAN,0.0,,False,RAN
1109,853,473.0,NXF1,0.0,,False,NXF1
1110,849,19.0,STRN,0.0,,False,STRN
1111,847,121.0,TGFBR1,0.0,,False,TGFBR1
1112,846,121.0,SMURF1,0.0,,False,SMURF1
1113,844,474.0,MBP,0.0,,False,MBP
1114,841,9.0,TCEB3,0.0,,False,TCEB3
1115,839,475.0,NUP62,0.0,,False,NUP62
1116,838,475.0,NUTF2,0.0,,False,NUTF2
1117,836,46.0,NCOA1,2.42415686404e+12,,False,NCOA1
1118,835,46.0,STAT6,2.42415686404e+12,0.125167327091,False,STAT6
1119,833,7.0,FZR1,0.0,,False,FZR1
1120,830,,CENPA,,,False,CENPA
1121,829,369.0,AURKB,0.0,,False,AURKB
1122,827,476.0,DDX3X,0.0,,False,DDX3X
1123,826,476.0,EIF4E,0.0,,False,EIF4E
1124,824,38.0,ZMYM2,0.0,,False,ZMYM2
1125,822,477.0,STXBP3,0.0,,False,STXBP3
1126,821,477.0,STX4,0.0,,False,STX4
1127,819,140.0,ERCC2,0.0,,False,ERCC2
1128,817,330.0,RAD50,0.0,,False,RAD50
1129,814,124.0,CDH2,0.0,,False,CDH2
1130,811,,BTRC,,,False,BTRC
1131,809,478.0,CSF2,0.0,,False,CSF2
1132,808,478.0,CSF3R,0.0,,False,CSF3R
1133,806,479.0,PDS5B,0.0,,False,PDS5B
1134,805,479.0,RAD21,0.0,,False,RAD21
1135,803,343.0,RBX1,0.0,,False,RBX1
1136,802,8.0,FBXW8,0.0,,False,FBXW8
1137,799,,TUBA1A,,,False,TUBA1A
1138,797,36.0,SYK,2.75670085621e+12,,False,SYK
1139,796,36.0,PLCG2,2.75670085621e+12,,False,PLCG2
1140,794,,NGFR,,,False,NGFR
1141,793,,RIPK2,,,False,RIPK2
1142,791,,ASH2L,,,False,ASH2L
1143,790,,HCFC1,,,False,HCFC1
1144,788,16.0,CDC27,2.32407953773e+12,,False,CDC27
1145,787,16.0,FBXO5,2.32407953773e+12,,False,FBXO5
1146,785,9.0,SPSB4,0.0,,False,SPSB4
1147,782,137.0,AP3D1,0.0,,False,AP3D1
1148,781,137.0,AP3B1,0.0,,False,AP3B1
1149,779,21.0,MED13,0.0,,False,MED13
1150,777,,ASB2,,,False,ASB2
1151,775,,PSMA6,,,False,PSMA6
1152,773,480.0,FAS,0.0,,False,FAS
1153,772,480.0,CASP10,0.0,,False,CASP10
1154,770,481.0,HRAS,2.38043683429e+12,0.122909915723,False,HRAS
1155,769,481.0,PDE6D,2.38043683429e+12,,False,PDE6D
1156,767,1.0,DCAF4,2.32407953773e+12,,False,DCAF4
1157,765,216.0,CASP3,0.0,,False,CASP3
1158,763,482.0,ABL1,0.0,,False,ABL1
1159,762,482.0,MAP4K1,0.0,,False,MAP4K1
1160,760,,E2F2,,,False,E2F2
1161,759,,CDK3,,,False,CDK3
1162,757,13.0,RNF25,0.0,,False,RNF25
1163,755,337.0,SRC,0.0,,False,SRC
1164,753,483.0,TAF1,2.5351330928e+12,,False,TAF1
1165,752,483.0,HMGB1,2.5351330928e+12,0.13089740097,False,HMGB1
1166,750,484.0,BCAR1,0.0,,False,BCAR1
1167,749,484.0,PTPRF,0.0,,False,PTPRF
1168,747,50.0,IFNAR1,0.0,,False,IFNAR1
1169,745,447.0,EIF3H,0.0,,False,EIF3H
1170,744,,EIF3D,,,False,EIF3D
1171,742,485.0,YY1,2.32407953773e+12,0.12,False,YY1
1172,741,485.0,INO80,2.32407953773e+12,,False,INO80
1173,739,486.0,MED12,0.0,,False,MED12
1174,738,486.0,MED4,0.0,,False,MED4
1175,736,444.0,PRKCB,0.0,,False,PRKCB
1176,735,131.0,GSK3A,0.0,,False,GSK3A
1177,733,17.0,NUP98,0.0,,False,NUP98
1178,731,474.0,MAPK13,0.0,,False,MAPK13
1179,730,,MAPK8IP2,,,False,MAPK8IP2
1180,728,61.0,FFAR1,0.0,,False,FFAR1
1181,726,407.0,TRIM5,0.0,,False,TRIM5
1182,724,,SMARCC1,,0.12,False,SMARCC1
1183,722,,COPS6,,,False,COPS6
1184,721,,COPS2,,,False,COPS2
1185,719,,RPS2,,,False,RPS2
1186,717,,MED21,,,False,MED21
1187,716,,MED6,,,False,MED6
1188,714,47.0,MAPK14,0.0,,False,MAPK14
1189,710,328.0,E2F1,2.56648337078e+12,0.132516120681,False,E2F1
1190,708,487.0,RLIM,0.0,,False,RLIM
1191,706,488.0,MZB1,0.0,,False,MZB1
1192,705,488.0,CASP2,0.0,,False,CASP2
1193,703,7.0,CDC25B,0.0,,False,CDC25B
1194,701,,CBX4,,,False,CBX4
1195,700,,PHC1,,,False,PHC1
1196,698,129.0,ZBTB16,0.0,,False,ZBTB16
1197,696,8.0,DCUN1D1,0.0,,False,DCUN1D1
1198,694,120.0,LRP1,0.0,,False,LRP1
1199,693,120.0,APP,0.0,,False,APP
1200,691,41.0,MYD88,2.64259058176e+12,,False,MYD88
1201,690,41.0,IL1R1,2.64259058176e+12,0.136445790543,False,IL1R1
1202,688,81.0,EGLN1,0.0,,False,EGLN1
1203,687,81.0,FKBP8,0.0,,False,FKBP8
1204,684,489.0,VWF,0.0,,False,VWF
1205,683,489.0,GP1BA,0.0,,False,GP1BA
1206,681,307.0,ICAM1,0.0,,False,ICAM1
1207,680,276.0,ITGAM,0.0,,False,ITGAM
1208,678,7.0,H1F0,0.0,,False,H1F0
1209,676,490.0,POLA2,0.0,,False,POLA2
1210,675,490.0,PRIM2,0.0,,False,PRIM2
1211,672,491.0,DRP2,0.0,,False,DRP2
1212,671,491.0,UTRN,0.0,,False,UTRN
1213,669,34.0,PRKCA,2.32407953773e+12,0.12,False,PRKCA
1214,668,34.0,DGKZ,2.32407953773e+12,,False,DGKZ
1215,666,492.0,GIP,0.0,,False,GIP
1216,665,492.0,GIPR,0.0,,False,GIPR
1217,663,493.0,COPZ2,0.0,,False,COPZ2
1218,661,494.0,VIPR1,0.0,,False,VIPR1
1219,660,494.0,VIP,0.0,,False,VIP
1220,658,495.0,MAP3K1,0.0,,False,MAP3K1
1221,657,495.0,CHUK,0.0,,False,CHUK
1222,655,,PIN1,,0.12,False,PIN1
1223,654,163.0,SMAD3,0.0,,False,SMAD3
1224,652,141.0,SNTG1,2.32407953773e+12,,False,SNTG1
1225,650,69.0,SIAH1,0.0,,False,SIAH1
1226,648,8.0,FBXO11,0.0,,False,FBXO11
1227,646,4.0,VCP,0.0,,False,VCP
1228,645,263.0,AMFR,0.0,,False,AMFR
1229,643,20.0,DPP4,2.32407953773e+12,0.12,False,DPP4
1230,642,20.0,CXCL10,2.32407953773e+12,,False,CXCL10
1231,640,29.0,RPL11,0.0,,False,RPL11
1232,638,,CCT6A,,,False,CCT6A
1233,636,12.0,GNB1,0.0,,False,GNB1
1234,633,496.0,TRAPPC3,0.0,,False,TRAPPC3
1235,632,496.0,TRAPPC8,0.0,,False,TRAPPC8
1236,630,58.0,JAK2,0.0,,False,JAK2
1237,629,58.0,BCR,0.0,,False,BCR
1238,627,67.0,TSC22D4,0.0,,False,TSC22D4
1239,625,497.0,LLGL2,0.0,,False,LLGL2
1240,624,497.0,PARD6A,0.0,,False,PARD6A
1241,622,,PCGF1,,,False,PCGF1
1242,621,160.0,RING1,0.0,,False,RING1
1243,619,185.0,RLN2,0.0,,False,RLN2
1244,618,421.0,RXFP1,0.0,,False,RXFP1
1245,616,128.0,FAM175A,0.0,,False,FAM175A
1246,615,128.0,BRCC3,0.0,,False,BRCC3
1247,613,94.0,RBBP4,0.0,,False,RBBP4
1248,611,,PSMB1,,,False,PSMB1
1249,608,113.0,USP16,2.32407953773e+12,,False,USP16
1250,607,113.0,CDK1,2.32407953773e+12,0.12,False,CDK1
1251,605,,COPS3,,,False,COPS3
1252,603,,CDKN1A,,,False,CDKN1A
1253,601,498.0,PTPN11,0.0,,False,PTPN11
1254,600,498.0,PXN,0.0,,False,PXN
1255,598,499.0,COL5A1,0.0,,False,COL5A1
1256,597,499.0,COL5A3,0.0,,False,COL5A3
1257,595,28.0,SF3B2,0.0,,False,SF3B2
1258,594,28.0,SF3A2,0.0,,False,SF3A2
1259,592,500.0,SEPT2,0.0,,False,SEPT2
1260,591,500.0,SEPT7,0.0,,False,SEPT7
1261,589,501.0,PDHA1,0.0,,False,PDHA1
1262,588,501.0,PDK1,0.0,,False,PDK1
1263,586,,RNF7,,,False,RNF7
1264,584,,INSR,,,False,INSR
1265,582,502.0,TNFSF10,2.68971217225e+12,,False,TNFSF10
1266,581,502.0,TNFRSF11B,2.68971217225e+12,0.13887883587,False,TNFRSF11B
1267,579,,PSMA5,,,False,PSMA5
1268,577,503.0,THOC2,0.0,,False,THOC2
1269,576,503.0,DDX39B,0.0,,False,DDX39B
1270,574,504.0,DMAP1,0.0,,False,DMAP1
1271,573,504.0,SRCAP,0.0,,False,SRCAP
1272,571,47.0,CCND3,0.0,,False,CCND3
1273,570,47.0,RB1,0.0,,False,RB1
1274,568,,PSMB8,,,False,PSMB8
1275,567,,PSMA2,,,False,PSMA2
1276,565,,CCND1,,,False,CCND1
1277,564,280.0,HDAC3,0.0,,False,HDAC3
1278,562,,RPS26,,,False,RPS26
1279,561,,RPS12,,,False,RPS12
1280,559,75.0,PAF1,0.0,,False,PAF1
1281,557,,KAT5,,,False,KAT5
1282,556,6.0,ACTL6A,2.43486341944e+12,,False,ACTL6A
1283,554,505.0,RAD51C,2.32407953773e+12,,False,RAD51C
1284,553,505.0,XRCC2,2.32407953773e+12,0.12,False,XRCC2
1285,551,506.0,RAD23A,0.0,,False,RAD23A
1286,550,506.0,XPC,0.0,,False,XPC
1287,548,487.0,UBE2D1,0.0,,False,UBE2D1
1288,546,3.0,CHD3,0.0,,False,CHD3
1289,544,,RPS29,,,False,RPS29
1290,542,507.0,CDC20,2.32407953773e+12,0.12,False,CDC20
1291,540,132.0,TAF8,0.0,,False,TAF8
1292,539,132.0,TAF10,0.0,,False,TAF10
1293,537,493.0,COPG1,0.0,,False,COPG1
1294,535,508.0,POLR2J,0.0,,False,POLR2J
1295,534,508.0,POLR2G,0.0,,False,POLR2G
1296,532,,PSMB5,,,False,PSMB5
1297,530,509.0,BANF1,0.0,,False,BANF1
1298,529,509.0,TMPO,0.0,,False,TMPO
1299,527,,KDM1A,,,False,KDM1A
1300,526,89.0,MBD3,0.0,,False,MBD3
1301,524,,UBE2E2,,,False,UBE2E2
1302,523,,MID1,,,False,MID1
1303,519,510.0,FANCG,0.0,,False,FANCG
1304,518,510.0,XRCC3,0.0,,False,XRCC3
1305,515,139.0,IL20RA,0.0,,False,IL20RA
1306,514,139.0,IL20,0.0,,False,IL20
1307,512,511.0,BCL2L11,0.0,,False,BCL2L11
1308,511,511.0,BAX,0.0,,False,BAX
1309,509,512.0,GUCY2C,0.0,,False,GUCY2C
1310,508,512.0,GUCA2A,0.0,,False,GUCA2A
1311,506,513.0,FGG,0.0,,False,FGG
1312,505,513.0,F13A1,0.0,,False,F13A1
1313,503,22.0,SIN3A,0.0,,False,SIN3A
1314,502,22.0,IKZF3,0.0,,False,IKZF3
1315,500,30.0,OTUB1,0.0,,False,OTUB1
1316,498,71.0,RARA,0.0,,False,RARA
1317,496,514.0,ORC4,0.0,,False,ORC4
1318,495,514.0,ORC1,0.0,,False,ORC1
1319,493,173.0,UBE2D3,0.0,,False,UBE2D3
1320,492,,BIRC3,,,False,BIRC3
1321,490,515.0,AP1M2,0.0,,False,AP1M2
1322,489,515.0,TGOLN2,0.0,,False,TGOLN2
1323,487,72.0,ACTR1A,0.0,,False,ACTR1A
1324,486,72.0,DCTN2,0.0,,False,DCTN2
1325,483,516.0,CCNT1,0.0,,False,CCNT1
1326,482,516.0,SUPT5H,0.0,,False,SUPT5H
1327,480,517.0,SMN1,0.0,,False,SMN1
1328,479,517.0,SNRPB2,0.0,,False,SNRPB2
1329,477,114.0,ATG13,0.0,,False,ATG13
1330,476,114.0,ULK1,0.0,,False,ULK1
1331,474,17.0,KPNB1,0.0,,False,KPNB1
1332,473,17.0,KPNA6,0.0,,False,KPNA6
1333,471,,E2F3,,,False,E2F3
1334,470,,TFDP2,,,False,TFDP2
1335,468,,TSLP,,,False,TSLP
1336,467,,STAT5A,,,False,STAT5A
1337,465,518.0,MED25,0.0,,False,MED25
1338,464,518.0,MED1,0.0,,False,MED1
1339,462,82.0,F2RL2,0.0,,False,F2RL2
1340,461,82.0,JAM3,0.0,,False,JAM3
1341,458,,RPLP0,,,False,RPLP0
1342,457,329.0,RPLP1,0.0,,False,RPLP1
1343,454,,COPE,,,False,COPE
1344,453,,COPB1,,,False,COPB1
1345,451,9.0,FEM1B,0.0,,False,FEM1B
1346,450,9.0,TCEB1,0.0,,False,TCEB1
1347,448,111.0,NOD2,0.0,,False,NOD2
1348,447,111.0,MAP3K7,0.0,,False,MAP3K7
1349,445,3.0,NR0B2,0.0,,False,NR0B2
1350,443,57.0,EIF2B5,0.0,,False,EIF2B5
1351,441,519.0,WASF1,0.0,,False,WASF1
1352,440,519.0,CYFIP2,0.0,,False,CYFIP2
1353,438,32.0,PRKCI,0.0,,False,PRKCI
1354,437,32.0,CDC42,0.0,,False,CDC42
1355,435,56.0,BRCA1,6.97223861319e+12,0.36,False,BRCA1
1356,434,56.0,MRPL36,6.97223861319e+12,,False,MRPL36
1357,432,249.0,CTNNB1,0.0,,False,CTNNB1
1358,431,339.0,FBXW11,0.0,,False,FBXW11
1359,427,19.0,STRN3,0.0,,False,STRN3
1360,426,19.0,STK24,0.0,,False,STK24
1361,424,6.0,SKP2,2.43486341944e+12,,False,SKP2
1362,422,520.0,PCSK2,0.0,,False,PCSK2
1363,421,520.0,SCG5,0.0,,False,SCG5
1364,419,521.0,SMARCE1,0.0,,False,SMARCE1
1365,418,521.0,SMARCC2,0.0,,False,SMARCC2
1366,416,1.0,DCAF12,2.32407953773e+12,,False,DCAF12
1367,415,1.0,DDB1,2.32407953773e+12,,False,DDB1
1368,413,522.0,G3BP1,0.0,,False,G3BP1
1369,412,522.0,EIF4G1,0.0,,False,EIF4G1
1370,410,,IRS1,,,False,IRS1
1371,409,389.0,PIK3CA,0.0,,False,PIK3CA
1372,407,45.0,PPP6C,0.0,,False,PPP6C
1373,406,45.0,PPP6R3,0.0,,False,PPP6R3
1374,404,507.0,ANAPC2,2.32407953773e+12,,False,ANAPC2
1375,403,,MAD2L1,,,False,MAD2L1
1376,401,,SMARCD1,,,False,SMARCD1
1377,400,,SMARCB1,,,False,SMARCB1
1378,398,117.0,SENP3,0.0,,False,SENP3
1379,397,117.0,PELP1,0.0,,False,PELP1
1380,395,141.0,PGM5,2.32407953773e+12,0.12,False,PGM5
1381,394,141.0,DMD,2.32407953773e+12,,False,DMD
1382,392,42.0,EGFR,0.0,,False,EGFR
1383,391,239.0,HSPA4,0.0,,False,HSPA4
1384,389,,COL1A2,,,False,COL1A2
1385,387,78.0,AMPH,0.0,,False,AMPH
1386,386,78.0,SH3GL2,0.0,,False,SH3GL2
1387,384,99.0,PROC,3.71321278548e+12,,False,PROC
1388,383,99.0,THBD,3.71321278548e+12,,False,THBD
1389,381,7.0,CDK2,0.0,,False,CDK2
1390,380,183.0,MCM4,7.02500200196e+12,0.24,False,MCM4
1391,378,,F2,,,False,F2
1392,377,248.0,SERPINA5,0.0,,False,SERPINA5
1393,375,523.0,SIN3B,0.0,,False,SIN3B
1394,374,523.0,MAD1L1,0.0,,False,MAD1L1
1395,372,,PSMA4,,,False,PSMA4
1396,371,,PSMB6,,,False,PSMB6
1397,369,,ARPC2,,,False,ARPC2
1398,368,,ARPC5L,,,False,ARPC5L
1399,366,21.0,CDK8,0.0,,False,CDK8
1400,365,21.0,MED14,0.0,,False,MED14
1401,363,524.0,WWOX,0.0,,False,WWOX
1402,362,524.0,ERBB4,0.0,,False,ERBB4
1403,360,10.0,MST1R,0.0,,False,MST1R
1404,359,10.0,CBL,0.0,,False,CBL
1405,357,124.0,CTNNA1,0.0,,False,CTNNA1
1406,356,,APC,,0.146022200936,False,APC
1407,354,525.0,GRIA2,0.0,,False,GRIA2
1408,353,525.0,GRIP1,0.0,,False,GRIP1
1409,351,270.0,UBE2I,0.0,,False,UBE2I
1410,350,129.0,HDAC4,0.0,,False,HDAC4
1411,348,14.0,TRAF6,0.0,,False,TRAF6
1412,346,,PSMB4,,,False,PSMB4
1413,344,90.0,PFDN4,0.0,,False,PFDN4
1414,343,90.0,VBP1,0.0,,False,VBP1
1415,341,526.0,DCAF7,0.0,,False,DCAF7
1416,340,526.0,DYRK1A,0.0,,False,DYRK1A
1417,338,527.0,MTOR,0.0,,False,MTOR
1418,337,527.0,DEPTOR,0.0,,False,DEPTOR
1419,335,528.0,E2F4,0.0,,False,E2F4
1420,334,528.0,LIN9,0.0,,False,LIN9
1421,332,,SF3B3,,,False,SF3B3
1422,331,393.0,TCERG1,0.0,,False,TCERG1
1423,329,33.0,MFNG,0.0,,False,MFNG
1424,327,,PSMD13,,,False,PSMD13
1425,325,529.0,MAGED1,0.0,,False,MAGED1
1426,324,529.0,MSX2,0.0,,False,MSX2
1427,322,93.0,MAPK1,2.32407953773e+12,,False,MAPK1
1428,320,77.0,SHC1,0.0,,False,SHC1
1429,319,,PRKCD,,,False,PRKCD
1430,317,24.0,SUPT16H,0.0,,False,SUPT16H
1431,316,24.0,H2AFX,0.0,,False,H2AFX
1432,314,29.0,RPS3,0.0,,False,RPS3
1433,313,29.0,RPS16,0.0,,False,RPS16
1434,311,11.0,MDM2,0.0,,False,MDM2
1435,310,309.0,CSNK1A1,0.0,,False,CSNK1A1
1436,308,3.0,MXD1,0.0,,False,MXD1
1437,306,530.0,LAT,0.0,,False,LAT
1438,304,31.0,HIST1H3A,0.0,,False,HIST1H3A
1439,303,31.0,HAT1,0.0,,False,HAT1
1440,301,,XIAP,,,False,XIAP
1441,299,225.0,BBS9,0.0,,False,BBS9
1442,297,450.0,SQSTM1,0.0,,False,SQSTM1
1443,296,67.0,KEAP1,0.0,,False,KEAP1
1444,294,140.0,GTF2H3,0.0,,False,GTF2H3
1445,293,140.0,MNAT1,0.0,,False,MNAT1
1446,291,3.0,DDX5,0.0,,False,DDX5
1447,289,134.0,BCL2L1,0.0,,False,BCL2L1
1448,288,134.0,SIVA1,0.0,,False,SIVA1
1449,286,51.0,STK3,0.0,,False,STK3
1450,285,202.0,STK4,0.0,,False,STK4
1451,283,,TAF5,,,False,TAF5
1452,282,,TAF7,,,False,TAF7
1453,280,48.0,TBP,0.0,,False,TBP
1454,279,48.0,ZNF76,0.0,,False,ZNF76
1455,277,,EIF3C,,,False,EIF3C
1456,275,57.0,EIF2B4,0.0,,False,EIF2B4
1457,274,57.0,EIF2S2,0.0,,False,EIF2S2
1458,272,135.0,CUL5,0.0,,False,CUL5
1459,271,135.0,TCEB2,0.0,,False,TCEB2
1460,269,,PSMC1,,,False,PSMC1
1461,267,531.0,CNN1,0.0,,False,CNN1
1462,266,531.0,ACTA1,0.0,,False,ACTA1
1463,264,207.0,NCAPH,0.0,,False,NCAPH
1464,263,,SMC4,,0.12,False,SMC4
1465,261,236.0,APBA1,0.0,,False,APBA1
1466,260,318.0,PSEN1,0.0,,False,PSEN1
1467,258,532.0,PPBP,0.0,,False,PPBP
1468,257,532.0,CTSG,0.0,,False,CTSG
1469,255,533.0,KDM2B,0.0,,False,KDM2B
1470,254,533.0,SKP1,0.0,,False,SKP1
1471,252,,EIF3F,,,False,EIF3F
1472,251,,EIF3L,,,False,EIF3L
1473,248,196.0,CSTF2,0.0,,False,CSTF2
1474,247,,BARD1,,,False,BARD1
1475,245,,EIF3E,,,False,EIF3E
1476,244,,EIF3B,,,False,EIF3B
1477,242,13.0,UBE2D2,0.0,,False,UBE2D2
1478,241,13.0,RNF115,0.0,,False,RNF115
1479,239,,RIPK1,,,False,RIPK1
1480,238,,BIRC2,,,False,BIRC2
1481,236,118.0,CDC5L,0.0,,False,CDC5L
1482,235,118.0,PRPF19,0.0,,False,PRPF19
1483,233,534.0,HDAC6,0.0,,False,HDAC6
1484,232,534.0,TUBB,0.0,,False,TUBB
1485,230,535.0,OSM,0.0,,False,OSM
1486,229,535.0,OSMR,0.0,,False,OSMR
1487,227,,PSMD8,,,False,PSMD8
1488,224,5.0,POLR2A,0.0,,False,POLR2A
1489,223,5.0,GTF2H1,0.0,,False,GTF2H1
1490,221,8.0,FBXO7,0.0,,False,FBXO7
1491,220,8.0,CUL1,0.0,,False,CUL1
1492,218,536.0,RBBP7,2.32407953773e+12,,False,RBBP7
1493,217,536.0,MTA1,2.32407953773e+12,0.12,False,MTA1
1494,215,537.0,XRCC4,0.0,,False,XRCC4
1495,214,537.0,APLF,0.0,,False,APLF
1496,212,227.0,CDK9,0.0,,False,CDK9
1497,211,,AFF4,,,False,AFF4
1498,209,33.0,LFNG,0.0,,False,LFNG
1499,207,26.0,CLTC,2.3293366419e+12,0.120271441872,False,CLTC
1500,206,26.0,TOM1L1,2.3293366419e+12,,False,TOM1L1
1501,203,224.0,ATM,0.0,,False,ATM
1502,202,229.0,TELO2,0.0,,False,TELO2
1503,200,298.0,NEDD8,0.0,,False,NEDD8
1504,199,125.0,VHL,0.0,,False,VHL
1505,197,293.0,RPS6KA1,2.61418200243e+12,,False,RPS6KA1
1506,196,,NFKBIA,,,False,NFKBIA
1507,194,,PSMB3,,,False,PSMB3
1508,193,,PSMA3,,,False,PSMA3
1509,191,538.0,VAV2,0.0,,False,VAV2
1510,190,538.0,RHOG,0.0,,False,RHOG
1511,188,,PSMD7,,,False,PSMD7
1512,187,,PSMD12,,,False,PSMD12
1513,185,54.0,YWHAG,0.0,,False,YWHAG
1514,184,54.0,CCNY,0.0,,False,CCNY
1515,182,138.0,ALG2,0.0,,False,ALG2
1516,181,138.0,ANXA11,0.0,,False,ANXA11
1517,179,3.0,HDAC1,0.0,,False,HDAC1
1518,178,18.0,EP300,0.0,,False,EP300
1519,176,383.0,YWHAE,0.0,,False,YWHAE
1520,175,,CDC25C,,,False,CDC25C
1521,173,33.0,NOTCH1,0.0,,False,NOTCH1
1522,172,33.0,DTX1,0.0,,False,DTX1
1523,170,61.0,PLCB1,0.0,,False,PLCB1
1524,169,61.0,GNAQ,0.0,,False,GNAQ
1525,167,30.0,UBE2N,0.0,,False,UBE2N
1526,166,30.0,RNF103,0.0,,False,RNF103
1527,164,,PSMB2,,,False,PSMB2
1528,163,,PSMA7,,,False,PSMA7
1529,161,539.0,TNFRSF13B,0.0,,False,TNFRSF13B
1530,160,539.0,CAMLG,0.0,,False,CAMLG
1531,158,,EP400,,,False,EP400
1532,157,,RUVBL1,,,False,RUVBL1
1533,155,,NCOR2,,,False,NCOR2
1534,154,,NCOR1,,,False,NCOR1
1535,152,540.0,CCR1,0.0,,False,CCR1
1536,151,540.0,CCL1,0.0,,False,CCL1
1537,149,426.0,PSMC5,0.0,,False,PSMC5
1538,148,,PSMD11,,,False,PSMD11
1539,146,541.0,EPHB4,0.0,,False,EPHB4
1540,145,541.0,EFNB2,0.0,,False,EFNB2
1541,143,542.0,OPTN,0.0,,False,OPTN
1542,142,542.0,TBK1,0.0,,False,TBK1
1543,140,530.0,LCP2,0.0,,False,LCP2
1544,139,50.0,PTPN6,0.0,,False,PTPN6
1545,137,290.0,PTPRJ,0.0,,False,PTPRJ
1546,136,,PDGFRB,,,False,PDGFRB
1547,134,,CTR9,,,False,CTR9
1548,133,75.0,RTF1,0.0,,False,RTF1
1549,131,6.0,GCN1,2.43486341944e+12,,False,GCN1
1550,130,6.0,MYC,2.43486341944e+12,0.125720142357,False,MYC
1551,128,,PSMD2,,,False,PSMD2
1552,127,230.0,PSMD6,0.0,,False,PSMD6
1553,125,543.0,GNB4,0.0,,False,GNB4
1554,124,543.0,GNG13,0.0,,False,GNG13
1555,122,55.0,POLR3H,0.0,,False,POLR3H
1556,121,,POLR2H,,,False,POLR2H
1557,119,391.0,MCL1,0.0,,False,MCL1
1558,118,,BAD,,,False,BAD
1559,116,25.0,MARS,0.0,,False,MARS
1560,115,410.0,QARS,0.0,,False,QARS
1561,113,39.0,PLCG1,2.33985085024e+12,0.120814325616,False,PLCG1
1562,112,104.0,LYN,0.0,,False,LYN
1563,110,544.0,BBS2,0.0,,False,BBS2
1564,109,544.0,BBS7,0.0,,False,BBS7
1565,107,,PSMC3,,,False,PSMC3
1566,106,,USP14,,,False,USP14
1567,104,107.0,CYBA,0.0,,False,CYBA
1568,103,107.0,CYBB,0.0,,False,CYBB
1569,101,127.0,CCT4,0.0,,False,CCT4
1570,100,127.0,CCT3,0.0,,False,CCT3
1571,98,545.0,AIP,0.0,,False,AIP
1572,97,545.0,PTGES3,0.0,,False,PTGES3
1573,95,,CCNH,,,False,CCNH
1574,94,,ERCC3,,,False,ERCC3
1575,92,,COL1A1,,0.12,False,COL1A1
1576,91,,TGFBI,,,False,TGFBI
1577,89,546.0,RPS6KA3,0.0,,False,RPS6KA3
1578,88,546.0,HMGN1,0.0,,False,HMGN1
1579,86,133.0,SRSF6,0.0,,False,SRSF6
1580,85,133.0,SRPK1,0.0,,False,SRPK1
1581,83,547.0,MAFF,0.0,,False,MAFF
1582,82,547.0,NFE2L2,0.0,,False,NFE2L2
1583,80,3.0,PHF21A,0.0,,False,PHF21A
1584,79,38.0,HDAC2,0.0,,False,HDAC2
1585,76,,STXBP1,,,False,STXBP1
1586,75,436.0,USO1,0.0,,False,USO1
1587,73,414.0,TRRAP,0.0,,False,TRRAP
1588,72,,SUPT3H,,,False,SUPT3H
