rank	biomarkers	candidates	cluster
13	TNFRSF11B	THBS1	VEGFA
19		F12	MMP12
25	F2R		F2RL1,PRTN3
28		RRM2	MAGEA3,DNM1L,MAGEA1,PGAM5,SCG3
29	CEACAM1		CLEC4M
31	ALOX15B		ERAL1
46	SMAD4		ZMIZ1
48	STAT6		ACSL3,IFI16,TRIM56,TMEM173,SLC39A14
53	RNASEL	IQGAP1	GSPT1,NPHS2
55	DPP4		PYY,GHRH,GCG,GIP,TAC1,FAP,VIP,AVPR1A,ADCYAP1,NPPB
58	MMP9		CXCL1,HAPLN1,CXCL2,MMP10,MMP26
60		KPNA2	TXNIP,APOBEC1
67	PIN1		RUNX2,PPM1D,SULT4A1,GPHN
73	CD44		SCYL3
76	MUC1		HPX,APOB,ORM1,LGALS9,LGALS8,ITGAL,LGALS3,A1BG
78	NRP1		PLXNA2,PLXNA1,NRP2,VEGFC,VEGFD
79	BIRC5		KCNJ6
88	SERPINA3		CTRC,GZMM,SGCD,KLK4
91		CRIP2	NR1H4,NME5,UXT,RELA,ALPL
92	CCNB1	UBE2C	UBE3D
101		LTBP2	HSPG2,CLSTN1,VWA1
106		PPP3CB	CACNA1H,TBC1D10C
111		CD151	MMP7
114	JAG1		NEURL1,CD46
120	CYP17A1,CYP3A4	CYB5A	CYP4F2,CYP3A5,CYP4A11,CYP2E1
127	DEGS1		MOB1A,FOXP4
129		FST	GLI2,FSTL3,ADAM8
133	VCAN		NAGPA,ADAMTS1,SORCS1,ZP4,MMP28,COL23A1,DSG3,FURIN
134	MMP2		SCUBE3,SCUBE1
146		LASP1	TJP2,CXCR3,CXCR1,CCL7,LPP
148	ACPP		GABRR1,MAP2K2,MAPK1,PRKG1,LIFR,WDR83,CMTM3,DUSP22,CD19
153	APC		DVL1P1,POM121C
154		TPST1	CCR8,CCR1,GPR1,TPST2,CCL26
158	TGFB2		VPS33A,UVRAG,TGFBRAP1
164	MCM2		GINS3,MMS22L,ASF1A,MCM6
165	BGLAP		CTSB,CTSS,AMBP,SRPX2,PROCR
174	HMGB1,PBX1		SOX18,NEUROD6,FOXA3,MAD1L1,HOXB3,PPP2R3A,MNT,ERF,HOXD10,HOXC6,CUX1,ZFP36,ATOH1,HOXD11,FOXC1,RFX1
178	GSTP1		PTPRR,RHOU,MAPK14,NOXA1,DUSP26,KIF3A
181		S1PR4	GPR17,GNA13,SIVA1
185	IGFBP3		CTSL,CTSD,SNAP29,PAPPA,TG,CD7,ATP6V0A1,IGFBP4,PI4K2A,CCL20,SERPINA4
187		GPS1	ABTB2,CDKN1B,CCND3,CCND2,CCNF,FBXO7,RBX1,HINT1
189	TOP2A		ARID1A
197	HOXB13		HOXD4,ASB8,ZNF490,ETV4,TIGD4
207	XRCC1		POLL,CCNO
210		CD38	UBASH3B,ACTG2,LAT2,KRT79,TCN1,CBL,CDKL2,KRT6C,STS,SPRED2,GAB1
214	TYMS		TXNDC17
216		OCLN	SRC,LCT,TXK,FHIT,PPM1F,ADGRE5,RHOQ,KCNQ5,ALS2CR12,PTGER4,SH2D2A,LCP2,STAP2,CENPV,ZNF658B,FEM1A
218	ANG	CACNA1D	ACTN2,LRP12,FBXL22
221	AZGP1		MT-CO2,APOO,RRAS2,CKS1B,DHRS1,SEMG1,CCNG1,CDK2,KPRP,FBXW4,CCNJ,ATP5D
225	NKX3-1		ZBTB7A,SP5,LMCD1,CHPF,CKAP4,AEN
232		COL1A1	COL8A2,DDR1
239		ASNS	GTF2B,TAF6,TBP
242		CDC20	MAML3,CUEDC2,MXI1,FZR1,TAS2R13,RNF34,ANAPC2,NINL
245	KLF5	LEPR	MYOM3,TRIM39,DTX1,ASH2L,USP2,USP5,MKRN1,ADAM19,POLI,POLH,RCHY1,BCL2L12,SPDYA,DENR,MAP3K1,MAP3K4,GLI1,RGS2,PPP1R9A,PDCD2,ERN1,ESF1,SH3RF3,BRCC3,TNIP2,PRKAR1B,NDEL1,HIST1H2BK,MARCH5,ABCG2,PSD,CYLD,RDH12,UBC,MUL1,ATXN3,AMOT
247		HERC3	HERPUD1,TRAF3,SLC11A2,AXIN2,UBXN6,CARD11,DNAJC2,ID1,NEDD4L,UBA52,CSNK1G1,RBCK1,AMMECR1,NMNAT2,RAPGEF2,RNF5,HFE,PFKFB3
254		ALDH1A1	KRT81,NOS2,SLC7A5
261		FSTL1	DIP2A,CD14
264	BRCA1		LDB2,RASIP1,NRIP1,ZNF366,RRAS,CTBP1,SSBP3,SSBP2
272		SPAG5	ODF1,ZFYVE26,SSX2IP,NIF3L1,EIF4ENIF1,ADAM15
275	FOXA1	TLE1	MEF2C,AHR,ONECUT1,BARHL1,HIPK2
279		PTTG1	CDC16,ANAPC15,CDR2,CDC23,ANAPC10,AJAP1,ADAM9,KLF6,PLEKHA7,MYO6,CDC26,CDH1,APC2,ANAPC1,ANAPC4,ANAPC11
283	MTA1	SMARCC1	HDAC1,MAGEC2,ZNF217,HDAC2,OVOL1,TRERF1,ZFPM2,TRMT61A,HDAC3,PPP4R2,SUDS3,RCOR2,ZNF335,MKX,HOXA11,SATB2,EID2B,NKX2-2,PADI4,MIER2,NKX2-5,DNTTIP1,EMSY,SAP30,GLI3,SIX4,DDX53,ESCO1,DNMT1,C16orf87,SIX3,RAI1,RABEP2,KLF1,NKX3-2,ELMSAN1,TMEM54,MAD2L2,ZNF516,HMG20A,TLE3,ID3,HELLS,TAL1,SUZ12,MBD4,LARP7,TSC22D3,HSD11B2,DEC1,BAHD1,MAGEB1,CCDC6,SMYD1,SMARCD1,HES1,SNAI2,SNAI3,CORO2A,ING2,TBL1XR1,ABTB1,KCTD11,ZNF461,PAAF1,MAGEH1,NUP54,WHSC1,PARP14,ACTN4,ID2,ID4,MTA2,INSM1,PRDM4,WISP2,ELK1,EID2,EID3,EID1,GATAD2B,MBD3L1,ZNF395,KDM5A,NR2E1
284	MME		RAP2B,NPR1,ATP12A,KEL,FAAH,FAM234A,METTL7A,PDIA5,ADM,FAM83F,DNAJB12,CMA1,TM9SF1,POTEI,EDN1,KBTBD3,EDN2,NPPC
285		SLC15A2	SSTR5,GUCY2C,FARP2,PDZK1
297	YY1	KRT15	RUVBL1,PFDN4,TTI1,RUVBL2,C12orf45,TFPT,CCDC87,INO80,ING3,PIH1D1,ACTR8,TELO2,ACTR5,INO80E,INO80B,INO80C,TTI2
298	MCM7	SATB1,SOX4,GATA3	CLOCK,COPS2,IFNA7,EP300,GPBP1,MMP23B,CD2,MAP9,HIST1H2AA,TP63,SPI1,KLF16,S1PR1,U2AF2,FBXW8,EMB,DUSP2,CTF1,TRIM24,MN1,XPA,CD69,HIST1H2BA,TP53BP2,UBR1,SNAI1,HIST2H2AB,TCL1A,ITK,NPY5R,MTF1,JDP2,TP73,L3MBTL1,CREBBP,PPP1R13L,BCL3
301	NUCB2		ERAP1,ARFGEF2
304	ETV1		CNTNAP2,KCNA2
308		RNF2	E2F6,PCGF2,PCGF6,YY2,RING1,ZFP42,L3MBTL2
311	HSD17B3		PSD3,PLPP2,NDFIP2,ATAD5,SPERT,RAD9A,CLIC1,MLH1,TPRG1L,SLC25A23,PTP4A2,RRBP1,NONO,CPVL
315	FGF7		FGF22,FGFBP1
321	PLK1	CDK1	RERE,INCENP,BTN1A1,TMF1,GTSE1,PTHLH,KAT7,CLIP1,WDCP,RGPD4,EVI5,PSMB2,DNHD1,PAK3
323	KLK3	PZP	SLPI,CDK10,SEMG2
324		NOTCH3	NOTCH4,MAML2,NOTCH2,MAML1
325	BRCA2		SMC1A,STAG2,STAG3,SMC3,NIPBL,PDS5B,REC8,CDCA5,SYCP3
328	MKI67	CUL7,CDON,DLGAP1,MYLK,PLCG1	ASB16,TGDS,RAPGEF1,DAB2,EPX,ADAMTS2,SEMA7A,CACNA1F,FAM110A,DLGAP3,PYGB,DLGAP4,WDR61,PRX,ARHGEF11,WNK2,TDRD1,EXTL3,LRRC3,KIFC2,OSBPL5,AKAP6,HCN2,NFS1,DKKL1,SNX3,ISG20L2,DOCK3,GAB3,POLR1B,BAZ2A,NCKAP5,CCKBR,LRRK1,GSX2,TULP1,AFF2,TULP4,PIK3R1,PRKG2,DLX4,CSDC2,OXT,DNASE1L2,EFS,GTF2IRD1,NFASC,PAX3,DTNBP1,GLMN,GCFC2,ABCG5,CDC27,TMEM74B,SEPN1,SLC22A3,NXPH3,MYO1C,CSMD2,SHROOM2,CD300LB,SOS2,ABL1,ABL2,GABRA3,SNX17,DLGAP2,SNX12,CDKL5,NPVF,CAST,FANCA,C6,RIMS2,PHACTR2,CELSR3,IL3RA,SH2B3,LRBA,TPSB2,SCARF2,GSTZ1,SLC23A1,CHRD,PREP,ASAP2,MAP4K1,MAP4K5,PCDHA7,MSH5,CNTNAP1,GABBR1,P2RX7,EPS15,MEPE,PPFIA3,FYN,UHMK1,BRPF3,APOL5,VPS13A,SUV39H2,GLTSCR1,SLC24A1,ABR,PRICKLE3,DUSP15,GPR45,SHANK3,ZC4H2,NCK1,KIF13A,ARHGAP33,CKAP5
338		SFRP2	WNT1
339		PGR	SNW1
343		CDK7	GTF2H3,GTF2H1,ERCC2,GTF2H5,GTF2H4
351	DAB2IP		NIN,DACT1,AXIN1
355	E2F3,E2F1		DRAM1,SERTAD2,BTG3,E2F2,ZMYND10,LAPTM4B,PRKAG3,PKIB,ATAD2,SETD1A,TEAD3,NGRN,PHF8,RNF144A,CHL1,UBXN1,MYH7
367		MT1A	GPR50,MT2A
369		HMGCR	RNASE1,ZNRF4,SOAT1,UBIAD1,PRAF2,CHRNA5,TRPV4,KSR1,UBXN4,BCAP31,YIPF3,CANX,BSCL2
373		SPARCL1	MMP17,ATP2A2,SCG2,PDIK1L,TNF,SPOCK1,NT5DC3,EED,SEC16A,LIN54,ERICH2,OPRD1
375	ADRB2		KCNJ3,IDH3A,ETFB,TMUB1,KCNJ5,GNG12,RAB18,HTR4
386		HSPA9	DNLZ,ABHD14A,BZW2
388	LAMC1		LMF2,COLGALT1,H6PD,LRIG2,FBXO6,EMILIN2,LAMB1,LAMB2,PTGFRN,ASAH1,ATP6AP1,FOXRED2,P3H4,OST4,GAA,GUSB,GNGT1,NAGLU,ENPP1,EDEM3,NAGA,KIAA1161,B3GALNT2,ERO1B,FUCA2,RHO,SGSH,PXDN
390		POSTN	TRAPPC2L,TRAPPC8,TRAPPC3L,SPATA22,TECPR1,TRAPPC5,TRAPPC4,REPS2,TRAPPC1,TRAPPC6B,TRAPPC11,TRAPPC10,TRAPPC12
395	ERG	STOM,S100A9,PBK,CUL2,COPS5	TAP1,ZCCHC11,STK10,CCDC146,SRSF10,KCTD6,UBQLN2,TKT,FAM114A1,ZC3H10,METTL18,FAM114A2,MEI1,ZC3H18,ZMYM2,ARHGEF12,OSGEP,SF3A2,PPP2R2D,CTNNBL1,STK4,RAB40B,PTRH2,STRBP,HNRNPDL,TUBB4B,AKAP8,EIF2A,POP1,ENC1,EIF5A2,NYAP1,STK38L,TUBE1,YBX2,CAPZB,TNFSF10,RPS27L,RRP1B,RIT1,UROS,GTF3C1,GPRASP2,IFIT2,IFIT1,CCT8,RPL7A,XPO5,PANK4,CCT2,CCT4,CCT5,BCDIN3D,TIMM13,FBXL17,ARIH2OS,GAR1,HNRNPCL1,NACA2,FAM199X,PYM1,GARS,MCCC1,RPS6KA1,SNRPB2,PSMD13,KRT16,FBXO30,KRT10,GFPT2,TFB2M,EIF4A3,DYNC1LI1,KLHL26,KLHL21,KLHL22,MTFR2,KLHL28,AKAP11,PSMD9,CCDC184,NEDD8,STRIP1,RPS4Y1,PHAX,PRAME,HIST1H2BH,ARF4,DDB2,RBM19,S100A6,DNAH2,POLRMT,CPOX,PRND,MOB2,RNF20,MOB4,RIOK2,BDKRB2,SPIN2A,ATP1A4,MARS,CMTR1,RBM7,IGSF8,PSMD8,RPL23A,EEF1A1,ARL15,TTC7B,EIF2S3,CAD,DYNC1I2,DDX18,POTEJ,ILVBL,ATP6V1B2,DYNLRB1,TRA2A,RNMT,CBWD2,HEATR1,ATG4C,DCAF4L1,SFSWAP,LRRC2,COPS7A,RPL14,HAP1,BTBD1,AKAP8L,FN3KRP,RBMX,NAP1L2,EEF2,SLC1A3,TRMT112,ORAOV1,PCK1,NUDCD3,RPGR,ZNF326,MAN1B1,PRPF8,LRRC42,RCBTB1,KRT71,USP25,PRPF6,GNL3,LBP,EIF3K,ASB4,EIF3A,EIF3B,EIF3D,EIF3E,DYNLT3,STRAP,RARS,MTMR9,CIRBP,KNDC1,RAB5B,FAM69B,REV3L,TPR,SEC24C,NTPCR,ZNF846,EFL1,ATP5O,UQCRC2,DBT,ZNF699,RPL37A,COPS3,RPL27A,HNRNPH2,COPS6,TEFM,PINK1,MNX1,LAMB4,APPBP2,DDX50,FTSJ3,DDX55,STK25,CDC42BPB,SF3A3,C10orf55,BUB3,FIGN,NUDT7,DLAT,BOP1,EIF4H,AGMAT,CCDC9,EIF4B,LARS,FAM103A1,RPL7L1,SNX22,DMWD,SPATA5L1,KRT75,EPHX1,KRT76,TRNAU1AP,TMC1,RPLP2,RPLP1,RPLP0,KRT78,RFC3,STXBP1,OXSR1,ZBTB10,CDT1,SNRPA1,RPS6KB2,CYB5D1,PLOD2,ZNF346,FASN,FBXW2,KLHL12,DPAGT1,KLHL15,KLHL17,KLHL18,HNRNPA3,HNRNPA0,SND1,IGF2BP2,CNNM4,RTCB,GDPD3,RPL10A,RAD52,LPAR2,RPL10L,XAB2,POLA1,SF3B5,PRDX6,SF3B3,SF3B2,MRPS15,H1F0,C20orf196,NOP58,SCARA5,IFIT3,KRT3,NOP56,ARHGDIB,FEM1B,FEM1C,OGFR,SRSF5,VASN,ATAD3B,CASC3,KBTBD13,PM20D2,DDX23,TOE1,DDX21,DDX24,SSR1,BCKDHB,NCDN,DEFB127,DCAF8,NDUFB9,ZFR,FBXO17,RBM4B,NARS,UQCRH,NAALADL2,SNRNP200,MAP3K8,ZRANB3,PPP1R3A,DCD,ZNF570,FAM110B,CUL5,TAGLN2,KLHDC10,CUL1,LUC7L3,CUL3,IARS,VRK1,SLC25A5,SLC25A22,RPL15,RPL10,RPL11,RPL12,RPL18,RPL19,GPATCH1,DNAJA2,RBM42,DNAJA1,SNRPD3,SNRPD1,KPNA6,KPNA4,KPNA3,KPNA1,KIF1BP,KDELC1,ENAH,ACSBG2,NOP16,EIF5B,PPM1G,DCAF12L2,SRSF6,HSPH1,USP45,USP44,SRSF9,USP43,PDPR,TRPM8,RPS3A,PJA2,SURF4,LIN28B,ATG10,RPP25L,RSL1D1,CDK9,C19orf70,ABCA10,RWDD4,UBE2M,GALK1,GINS4,MRPS26,MRPS23,MRPS21,STRN,ASPRV1,PHF5A,MSMO1,FARS2,BAG1,KCTD2,RPL18A,RPS7,KRT2,C12orf10,RPS3,RPS2,KRT5,RPS17,TP53RK,RPS9,RPS8,FLG2,CD81,DHX57,KRT84,MCCC2,PSMA2,ATP6V0A2,KRT6B,ICAM1,SF3B4,UGGT1,RPS26,RPS27,RPS25,RPS23,THRAP3,RPS21,RGSL1,WBP11,QPCT,PRKAA1,NT5DC4,QARS,STOX2,NUP50,RPSA,DHX30,PBDC1,DCAF11,MAGOH,PPP1R15A,FARSB,TMTC2,PPIH,PPIE,CALR3,PPIA,MYO10,CLCC1,CEMIP,UFM1,SPATA21,USP9Y,HIST1H2AD,MICU2,PDCD2L,YAE1D1,RPL29,RPL24,RPL27,RPL26,RPL21,RPL23,RPL22,ZCCHC8,TTC37,RANGAP1,SUCLG2,IK,GTPBP1,RHOBTB1,SAMHD1,UTP14A,SRRM2,PON2,EPB41L1,PRPF19,PRUNE2,RRP15,SNU13,ASB13,TMOD3,TMOD2,DARS,CPNE7,ATP9A,ZNF76,BORA,NOSIP,C19orf43,GRK2,GRK3,CSNK1E,FLII,CWC15,APEH,SEPT10,EIF3CL,VWA7,COL19A1,KRT24,SERPINB3,PA2G4,KLHL8,KLHL9,KCTD13,KCTD12,KCTD10,BRSK1,EEF1G,FBXL3,KCTD18,RPS5,SRPX,RHOT2,ADAMTS17,RPL8,SLC7A9,RPL6,RPL7,CCDC39,CCDC68,KLHDC2,KLHDC3,KRT8,KBTBD2,TUBA1C,NKAPL,KBTBD8,PDHA2,LANCL1,SRP14,UBXN7,TTC5,DCHS2,FAF1,DCUN1D1,DCUN1D2,DCUN1D3,IFIT1B,HIST1H2BM,SART1,TPRKB,HIST1H2BJ,SLC25A43,LRIG3,LRRC14,TNFAIP1,CLTCL1,RBM25,RBM22,BTBD8,NUP155,IPO9,BUD31,AGO4,AIFM1,ACTR3,BTBD2,NUP88,POF1B,HIST1H2BN,RBM3,RPL35A,PDXK,HNRNPH1,EFCC1,TENM4,SHKBP1,SNRPA,RPL13A,MRPS34,RPL9,PCBP1,TRMT6,POLD1,DCUN1D5,HNRNPL,HNRNPM,PPP1R12B,SNRNP70,RPL4,NIFK,NDUFA5,KRT6A,EEF1B2,COPS4,HIST1H1D,NAP1L4,C7orf50,HNRNPUL2,YTHDC2,PRPF39,SMU1,TSR1,FBL,RPS13,RPS12,RPS11,RPS10,HP1BP3,RPS16,RPS15,RPS14,AAR2,RPS18,DCAF12,RPL3L,FBXO46,HIST1H2AJ,FAM83B,CLPB,CAND1,HADHB,PLOD3,LSM12,CRY2,ZNF554,GNA15,TRMT10C,LDHD,DCAF7,KCTD20,KCTD21,PABPN1,DPY19L4,PRPS1L1,TMEM165,SNRPC,RPS29,SNRPG,SNRPE,PTCH1,RPL26L1,CFAP58,RPL38,RPL36,RPL35,RPL32,RPL30,PURB,EMG1
396		CD22	VPREB1,LGALS1,MAPKAPK3,IGHM,VPREB3,JCHAIN
399		RNF31	OTULIN,SHARPIN
404	PTN	PTK7,PHC2	CDH10,CDH12,CDH15,CDH17,AHCTF1,CDH18,CTNNB1,CTNND2,ERMN,SOX1,RPL41,RAB8B,FCER1G,HIC1,SOX17,CDH9,NEURL2,ZBTB33,DOT1L,RBM39,CDH7,CDH6,TCF4,TCF7,FERMT2,BCCIP,USP33,IGFBP2,JRK,PRPF38B,TACC3,CLEC4C,RUNX3,L3MBTL3,BCL9,GRIP1,PTPRM,VEZT,FGF20
419		RABGAP1	RAB6B
423		FKBP1B,IGSF1	LRG1,BMPR1A,TGFBR1,ACVRL1,BMPR1B
428	IL6		CR2,FMO3,CEBPB,FCER2,BHLHE41,APOBEC3G,SPIB,INHBE,ABCC6,NRF1,IL18BP,FHOD1
431	GC	EPPK1,MRPS12	SIK2,RBM5,KLHL20,RFC5,CNKSR1,KLK10,HABP4,CRCT1,TDGF1,PAEP,RIF1,ARID4B,MPHOSPH6,CRADD,HSPBP1,AKR1C3,CCDC106,FAS,CETN3,CEP126,WDR62,MAD2L1BP,NEFL,DDIT4,HSPB3,MRPS6,PSG9,SERPINB9,FXR1,ANKRD24,TRDMT1,SUPT5H,ETHE1,PCDHA4,GPC1,CKMT2,SGO2,DZIP1,GSTM4,PQBP1,PPP2R5A,PLEKHA4,RHOH,BRMS1,GIT1,MAP3K3,PPP2R5D,HLA-DQA1,NRBP1
434	AGR2		KCNE2,MRC1,AOC3,SLC9A7,SCAMP2,ATP4A,LMAN2,MAL2,ACSL1,CPD,GIF,SCAMP5,HSD3B2,SLC12A2,VAMP5
445		COL8A1	TNFAIP6,FN1,CD79A
448	PRKCA,ERBB3	ECD,SPSB1,FBXW11,NTRK3	KLHL25,FBXO18,AMHR2,TRIM17,ASB17,FBXO10,HSPA8,RGS11,ARAF,RCBTB2,HIPK4,TYK2,CDK15,ZNF74,MS4A1,ASB2,ASB3,MAP3K9,DLG4,VPS33B,GRK7,GRK4,STYK1,CAMK4,NTRK2,PARK2,HSP90AB1,IRAK3,NPR2,TBX22,FNTB,VRK2,CAMK2D,HLA-DRB3,CAMK2G,MAP4K2,KRT27,HLA-DRB5,KLHL6,SEC24D,BAMBI,KLHL1,MDM4,BMX,TESK2,FBXL8,EIF4G1,FBXL2,GSK3A,KAT5,NR1I3,NR1I2,DYRK2,FBXO4,ZBTB20,FBXO40,INSRR,ZNF215,ALPK1,MYO3B,ACVR1C,ACVR1B,KCNG1,NUAK2,GAB2,TRIM36,DCLK2,SPSB3,STIP1,NEK11,ZC3H7B,IARS2,KBTBD4,TADA2A,FBXL13,FBXL14,WSB2,ANXA11,FBXL18,KSR2,CHEK1,KLHL36,KLHL34,KLHL32,BTRC,EIF2AK1,CDK11A,KLHL38,IBTK,RAG1,HERC4,HERC6,RHOC,SPRR2A,PAK6,STAT2,TNK2,RPS6KA2,RPS6KA5,MOS,PPARD,FBXO34,TRIM8,CAMKK1,STK33,PRDM1,UTP20,AXL,KCNS3,CLK3,FBXO38,TRIM7,BAG2,FOXP2,ISX,EPHA4,KLHL29,EPHA1,FBXO3,KRT7,DYRK4,KCNA6,FBXO9,FLT4,GPKOW,CDC7,CEP164,ARMC5,VPS41,BTG1,SKP1,RPS6KB1,FBXO27,FBXO25,TCF25,AREL1,FBXW7,KLHL10,ACVR2B,KLHL13,SH3RF2,MAPK4,RPS6KL1,DLX6,GSG2,MYLK4,TNK1,FER,FES,BBX,DET1,NFRKB,SRPK3,CAMKMT,SGK3,SGK2,PRKCH,G2E3,IRS4,RPS6KC1,PREB,RNF149,CXXC1,SREBF1,AATF,STK32B,C18orf8,GTF2IRD2,TRIM74,TRIM73,MAP4K4,PTK6,LIMK2,KCTD8,CORO1C,RAP2A,MAP2K4,KLHL14,PRKY,PRKX,TSSK3,MINK1,CDK18,SH3RF1,XRCC4,FASTK,GAN,RGS6,RGS7,SYNJ1,AURKC,HOMER3,RGS9,BRAF,ICK,NR3C2,PIM2,PIM3,PIM1,REST,FOXD4L6,C20orf194,CAMKV,SHANK1,POGK,TIE1,THAP4,ZBED4,TFDP3,DMRTA1,TRIM49,RAPSN,PDK1,MAP3K12,MAP3K15,SIM2,ZBTB49,PSKH2
458	BMP6,FOLH1	CDKN3,CRYM,HSD17B2,CHRNA2,KIF20A	AGL,HSF4,MGARP,CTRL,ELOF1,GCLC,ISL2,GSTA3,ANP32D,KCNK2,GGPS1,CCDC94,GSDMB,CYP4F11,BCLAF1,COX20,CGREF1,FOXF2,CYP51A1,CDH3,DMTF1,METTL7B,IFITM2,HK1,IDS,PER2,GUK1,ABLIM2,ABHD2,AGXT2,RAB40A,UBE4B,H2AFV,APOL4,CXCL9,C22orf46,C1QB,CSF3,ZCWPW1,GNG5,PID1,DMRT1,CD1E,DIRAS3,FAH,C9orf3,C1orf21,MIIP,CYSLTR1,CHD1,COPZ2,BMF,EGR2,AMER1,ADAR,EGR1,MKL1,EN1,GBA2,HMMR,EPHB1,MLLT11,PAX6,BLK,ING1,KRTAP12-1,KDSR,ETV5,ERLIN1,HLX,CAMSAP1,GLYCTK,ITM2C,MELK,KRT14,IL11RA,EMC2,EFCAB6,CLK4,GADD45B,ATP5H,ALKBH1,MUT,MOAP1,HTN3,GOLPH3L,AHI1,PRKCSH,SMPD1,IL1A,STAT1,SLC8A1,CMYA5,CITED4,ASH1L,ART4,PDSS1,CRYGA,ADK,IL6ST,IL15,IRS2,HOXA2,LPAR3,BMPER,COLGALT2,BAALC,CAMK1G,CDH16,CLPS,MYADM,SF3B1,MAP7,MAP4,BCL9L,ELF2,LRRC29,DYDC2,KLF11,CAMLG,DDX10,BLZF1,CPNE6,GDF5,KCNK3,CDCA2,C1GALT1,COPG2,KLF2,ARL4A,KISS1R,DPY19L2,TTLL3,BCL2L14,VCL,LINC01587,SLN,ANKRD7,ABCC12,NFIC,E2F5,KDM3A,C1QTNF2,RNF122,FUT1,NFIX
461		MYBPC1	SGCG,UACA,SF1,JPH1,ABLIM1,TTN,CAPN3,UGP2
462		UPP1	WBP2,UCK2,WDR45B
469		CLTC	ARRDC4,AVPR2
471	LDHB		CKB,RLBP1,METAP2,SMS,ARHGAP17,CAV3,SLC22A5,PCYOX1,SLC9A3R1,CAPN6,NANS,NPEPPS,LDHA,LDHAL6B,GBP1,CNGA2,SLC26A3,P2RY2,FTO,TKFC,SLC22A11,SLC22A4,UBFD1,ABCC4,CSE1L,GDA
475		VDAC1	C9orf163
478		IL1R1	LAPTM4A,PXK,SPPL2A,TFRC,MARCH1,B4GALT1,KCNA5,MARCH8
480		ELK4	RRP1,UTP4,ADNP,NUP133,NUMA1,RRP8,RRP9,PNPT1,SYMPK,PRPF4B,NUP85,MSH6,ZNF593,POLR1C,REXO4,PWP2,LTA4H,NES,ZBTB11,AQR,NUP107,NUP43,NUP188,RRS1,SENP3,TIMM10,ZNF512,URB1,UTP18,TCF20,NOLC1,DIDO1,SIRT7,NUP98,NSA2,RFC1,SEC13,RCL1,GLTSCR2,RRP7A,SUPT16H,TBL3,PHGDH,MPHOSPH10,LCP1,PCDHA2,DDX27,DIEXF,NOC3L,CCDC86,NUP37,SSRP1,POLE4,DEK,RECQL,ATAD2B,WDR18,PHF3
487	SERPINE1		PF4V1,CFB,AGA,NLRC4,MYL4,APOC2,ST13,CLCA2,SPATA31A7,PTPN23,TTPAL,SLC9A8,GRAP2,CHKB,OR3A2,CST3,SETX,ZIM2,CDCP1,FAM71E2,MYLK3,QTRT2,SCAF1,OR8D2,NPHS1,OR2T6,LMNA,PLA2G4F,SLA2,GJC2,ALB,PDE4B,IGDCC4,ZNF292
500		PGK1	FKBP4,ATOX1
502	CAV1		PCED1A,MYRIP,SCARB2,VAV2,DMBT1,GRB10,HTR1F,TXNRD1,SH2D3C
503		PLA2G7	STARD13,CLSPN,TUBA1A,CNTN2,LTA,IFNE,TUBB2B
507		TMCC2	FXYD7,APOE,LONP1,C19orf52,ANKH,HP,LCAT,HTRA1,PLEKHA6,FBXL12,MID1IP1,IFIT5,FOXG1,ZNF558
508		NVL	UBE2I,RPS6KA6,CRABP2,TDG,PHF19,HSF2BP,MT-ATP8,RNF4,SLC9A1
518		GABARAPL2	DYX1C1,GABRG3,GABRG1,RASSF5,MAPK15,NSMAF,TBC1D9,KBTBD6,GABARAPL1,NCOA7,GABARAP,RASSF1,CLINT1,MAP1LC3C,TBC1D2B,FNIP1,TECPR2,TMEM160,TP53INP2,DNAH7,ANKFY1,SAFB2,ARHGAP32,FBXO33,IPO5,RNF123
522		PSMA7	PSMB3,SAMD1
523		CDC42BPA,SMAD2	SURF6,DPP10,DROSHA,GFM2,CCDC25,SENP2,MCF2L,MKS1,SRSF11,TCEAL6,KIAA1109,SMAD3,CHGB,RANBP3,SEMA6A
534		MT1X,TERF2IP	MCPH1,RECQL4,GAMT,XAGE2,HDAC7,FAM122A,CRYGS,IDO1,HAAO,GNMT,IFNGR1,AKR1B10,HMGN4,ZNF146,HAGH,MT3,GAGE5,NAIF1,C1orf174,TSSC4,ZNF414,VGLL4,IFNG,ANXA8L1,PCNP,CRYBB1,NUDT14,ADA,SCRN2,NUDT18,AKR7A3,RBBP9,OCM2,CALML3,AK1,LGALSL,PGLS,CPNE3,MEF2A,AKR1A1,PNMT,RNF8,NXNL1,WDR70,YRDC,PCP4
535		FXYD1	GIGYF1,ADCK2,CBLL1,SAMSN1,LARS2,PANK1,WASF2,WWC2,YWHAQ,CDK16,ARHGAP23,ANKRD18A,SLC8A2,RNASE2,KCNK15,ARFGEF1,SIPA1L3,EIF4E2,ZNRF1,MFF,ZNRF2,MPL,PTPN14,ATP1A2,KANK1,ABCE1
542	CTSK		GPANK1,TGM3,MT-CO3,BBOF1,PEX10,UFSP2,OSTM1,MT-ND5,HIC2,RPS19BP1,LIG4,WBP1L,PGP,DDX19A,ATP6V0D1,SEMA4G,ZFAND2A,FAM214A,MRPS18C,AGAP4,NCLN,KDELR1,GPSM1
544		ARVCF	INSC,CLDN17,SLC6A5,SDK1,SCN10A,AMMECR1L,LRRC3B,ARHGAP6,SCLT1,GPR142,GAS2L2,PKDREJ,LNX1,WNT8A,CLDN2,CLDN3,CLDN7,EPHB3,NKD2,RASL11B,ARHGEF16,CTSO,PSME3,PTGIR,BAX,EPCAM,GIPR,GJD4,ORMDL3,MRPS24,BPIFA1,ZADH2,PRR13,HUNK,PDE6D,CAMK2N2
567	PENK		AUP1,GJA4,WLS,KCNF1,OPRM1,VAPA,DOK4,DOK5,OPRK1
570		HIST1H1T,PLAG1,ASF1B,NSMCE2	ZCCHC12,MTBP,SUMO1,CASP8AP2,RBM15B,MAFG,ZNF141,RPF2,SOBP,PIR,SUMO3,C5orf42,ZNF362,OTUD6B,ZNF675,ZCCHC7,PLAGL2,PAK1,VPS72,ELAVL4,MRPL27,ELAVL3,MX1,NOX5,SETBP1,ZFP91,RBAK,MTDH,RCN2,UROC1,PPM1J,H3F3C,ZNF281,ZNF224,PRSS50,TSHZ2,HERC2,BLVRA,BCAM,SMCHD1,ZFHX2,POLN,LGALS13,NANOG,FZD8,KCNC3,SMC5,SMC6,ZNF431,RBM15,ZNF107,BIRC8,BEND3,PAF1,RABL2A,SALL4,FOXL2,IGF2BP1,UHRF2,LRP4,ADARB2,AGPAT5,NSMCE1,GPSM2,KCTD1,KTN1,STAB2,SOX3,GNAT2,HIST1H2AC,MZF1,TFAP2C,TFAP2B,KCNK1,KLF7,PFKM,MBD1,POTEE,GFAP,FAM179B,ANXA5,SYDE2,ANLN,PRKCZ,TRIP12,RCC2,AIRE,RNF168,NKTR,MAP3K14,ZNF91,MYLK2,KAT6A
577		PAH	BCAN,PCBD1,SSX3,LRPAP1,MIS18BP1,SEPHS1,DIP2C,SOWAHC,QDPR,HNF1B,LRP1B,CHMP2A,ATP1A3,ZNF23,ZNF263,ATG14,PAPOLG,FAM135A
592	MYC	NCAPG2	PGAP1,IPO11,GIGYF2,DCLK1,ATP6V1H,UST,DNM2,SORBS1,DHX37,NCOA3,CHD5,SCD,NOC2L,ICA1,SMARCAD1,SIRT6,SIRT5,NCAPD3,KLHL5,NOL9,GIPC1,BTAF1,EXOC3,GLUD2
596		MOXD1	KMT2C,KMT2B,WDR5,WDR53,ASCL2,YEATS2,SETD1B,WDR5B,WDR82,PAGR1
597		CAMK2N1	GRIN2B
607		RAD54L,EFNA5	IL1RAPL1,BCKDK,MSL3,EMX2,KIF26B,DHTKD1,CSMD3,NKX2-8,ME3,MAFA,CCDC149,ACER2,HLA-DRA,BMS1,CIITA,GMFB,CIDEC,CDK3,FAM227B,FSCN1,LGI2,TMEM30A,IRX1,CADM3,ATOH8,ARHGEF10,INTS2,WTAP,FAM19A5,LYL1,LIAS,MIER3,STAG3L3,CREB1,HOXD3,ASCC3,MXRA5,SLC2A11,KBTBD11,MMP25,CACNA2D3,COX7A2,KAAG1,KIF3B,DBR1,PMAIP1,DCDC2,KAT8,SNAP91,ALS2CR11,CENPW,MAPKBP1,COL14A1,CRTC3,CCDC84,FANCD2,ELOVL5,MAF,RAD51C,GREB1L,EME1,HOXA9,DTWD1
614		GOLPH3	GCNT1,STMN2,CCDC80,CCT7,MYO18A,HSPA14,RSU1
626		MCM10	ERCC8,LRWD1,TLE2,ORC2,RAG2,DCAF10,DCAF17,DCAF16,DCAF15,SAP30BP,DDB1
631		MCM4	ORC4,NCKAP1,CAP2
636		MIB1	DLL1,NOV,MFNG,CNKSR3
638		MFAP4	RAB7B,RNF115,RILP
641		KCNN2	ZRANB2,FBXO15,SFMBT1,SRSF12,MKNK2,ARHGAP26,MBNL3,METTL14,LARP1,NSRP1,STAU1,SPAG11B,KCNAB1,KIAA1841,SETD3,EPB41L4A,ZNF444,FAM76B,WDR55,H2AFY,DDX47,MRPL43,ARHGAP12,SERF1B,HMGN3,NOVA1,C16orf78,SLAIN2,MAPKAPK5,LUC7L,SRSF4,DUS1L,YPEL3,YPEL2,TULP2,SRSF8,C11orf52,CHEK2,ZNF514,SPANXN4,C6orf201,TFEB,SERPINB10,POLR2E,ARGLU1,FGF1,DNAJC8,RBM23,SERBP1,CLK1,C11orf63,EPHA7,EPHA3,TNFRSF10C,ADPRH,NOL4L,YTHDC1,TNPO3,C18orf25,DAW1,SEC23B,PELI2,LCE3D,CDKL3,RIMS4,FGF12,DUSP6,CLIC5,ARL6IP4,EFNA2,FERMT1,C11orf87,SRPK1,TRIM65,TAF1B,EMILIN1,TAAR8,NXT2,PRKACA,MYO16,CRHR1,CSAG1,ZMYND11,SPATS2,OCEL1,CAB39L,P2RX6,ZRSR2,NSMCE4A,OR6B3,TRA2B,RSRP1,HNRNPA1,SCAF11,CDC42EP3,SRSF7,SNF8,PHF7,HOXA3,ALKBH3,LINC00312
658		KHDRBS3	TM2D2,FAM168B,PPP4R4,ERC1,CD58,MYO1D,ZNF321P,STAC,HABP2,CT55,TPK1,NLRX1,TMEM159,ZNF747,PRICKLE2,CCDC107,HAUS6,VPS37C,OR4D6,CDCA7,ANKS6,TMEM59,FAM160B1,IFNA16,NDUFA4,PCCA,COL4A3BP,SYNJ2,CHRDL1,DFFB,FAM69A,PARP2,GRAMD1C,SERPINB5,ZHX2,CACFD1,PRSS21,KDELR2,TUFM
681		KIAA0907	ZNF35,CDC5L,PLRG1,SCAF8,USB1
682		SQLE	APOBEC3F,DEF6,IRF4
687		ENTPD1	RANBP1
692	GSTM3	GSTA4,CDCA3,ABAT	HSPA2,ZCCHC14,MIA,GLRX2,NQO1,LAPTM5,GCM1,TMEM174,DUSP23,S100A14,TMED10,CCDC88C,URB2,IL36B,SPIN1,FAM84A,SSH2,MACROD1,GLRX3,SLC35E3,PRRG2,SNN,GPR119,NETO1,STARD7,ANXA1,ALG1,SLC7A1,EDC3,YTHDF1,GSKIP,EIF5A,ZNF451,VPS37B,TRIAP1,AHSA1,NR2C2AP,ANXA10,DPCD,RCN1,TMEM92,PGM2,OR8D4,C21orf59,OR5T1,AAMDC,APOPT1,EIF4EBP2,RTFDC1,ZNF428,SOAT2,BAG3,SH3YL1,OR10G3,LAP3,WBSCR28,DOHH,AKR1C4,ANKRD39,CCDC186,ADI1,COASY,DNAJB3,DNAJB4,TMEM207,OR2T35,S100A1,PBLD,LYZL4,GALE,ENO2,NDP,ANKS1A,CAPZA1,TSTA3,PAIP2,AGPAT1,NAP1L5,LPAR4,EFHD2,TMEM252,C1QTNF7,RAB2B,OVOL2,S100G,TTC32,PLOD1,CDK17,CDCA4,NANP,PSMC3,HSPB6,ALDH3B1,PSME1,ATG4B,PIGV,ST6GALNAC4,MDP1,OR8H2,CA3,FAM118A,PCP2,CMTM1
716		CRP	FCAR,CFHR4,IGHA1,FCGR2C,CEBPZ,NFKB2
726		EHHADH	TSG101,PHPT1,SH2D3A,DCTN2,VPS37D,ABCB6,DSG1,VRK3,ASZ1,ORC1,PIGQ,KCNN4,ARRDC1,MVB12B,MVB12A,NT5DC2,RAB11FIP3,FDPS,NELFCD,RAB11FIP4,SMARCC2,IMMT
731		GMNN,HOXB7	HOXA7,PHC1,MCIDAS
733		HDAC9	MPHOSPH9,MADD,EPB41L2,SYNPO,FAM65B,MSL2,SIMC1,SYNPO2,KIAA0232,SSFA2,FAM53C,FAM13B,WNK1,CHAF1A,LRMP,ZNF839,CGNL1,RASAL3,RAP1GAP2,TNS1,HIVEP2
736		COL4A1	COL16A1,SAA4,COL2A1,COCH
737		EGR3	CD40LG,CD5L,AKNA
738		VGLL3	PCNX1,PRDM13,ONECUT2,DGKQ,BMP2K,ELF4,FOXC2,KDM5B,SLITRK3
748		SMC2,SMC4	NOP9,CYB5R4,TMEM120A,MTIF3,CRIPAK,PDCD11,SPOUT1,BTBD16,CATSPERG,CCNK,PGGHG,SPAG4,SPATA18,SCCPDH,ATP1B3,NOL7,PAXIP1,CARMIL2,COMTD1,ZNF280B,BTBD6,C2orf42
753		KIF11	LONP2,PEX3,PEX2,CNP,TUBB8,DHRS4,ATAD1,AGPS,RICTOR,GNPAT,ABCD1,CSRP2,PEX12,PEX14,SLC27A2
772		CES1,SHMT2	FXYD6,DOLK,LMBR1L,FXYD3,PTDSS1,FAM3A,P4HA2,SLC29A2,SLC29A1,SEC61G,PSENEN,ZNF599,TMEM115,SLC50A1,S100B,TIMM17B,APH1B,APH1A,TMEM100,TMEM14C,TMEM14A,RPRM,CYB561,TMEM19,VKORC1,TM4SF4,GAD1,ICAM4,LPCAT2,SACM1L,ALG3,CREBRF,CNPY3,UNC50,SLC30A2,PLLP,RIMS3,PLPP1,PNLIPRP1,C17orf62,AQP5,TRIM32,DNAJC30,ACSF2,CLCN7,LILRB5,ARL6IP1,CGRRF1,BTN2A2,PTPN9,RAB23,TSPAN4,TMEM140,ZDHHC21,CREB3,SCGB1A1,CTSW,STK32C,SLC41A3,SCLY,ADTRP,ORMDL1,SYNGR1,SLC35C2,TMEM230,ACSL5,KRTCAP2,C16orf58,CREB3L1,AGPAT3,USE1,SPOCK3,TMEM234,CELA3A,TMEM51,TIMM23,SLC19A3,CMTM5
778		BUB1B	DNAJB8,HDAC5,HDAC4,RFX5,AHRR,IKZF4,ANKRD11,ANKRA2,RFXAP,ZNF354A
806		ZWILCH	THUMPD2,SNX9,SNX8,SNX18,TRMT1,SNX33
827		KIAA0196	FAM21A,CCDC53,ROCK2,WASH1,KIAA1033
830		ITPKA	FGD4,CORO2B,ACTA1,ABRA,ACTR10,TMSB4Y,GAS2,CCIN,SPTA1,VIL1,ACTR1A,ACTR1B,ACTBL2,TNNI1,SPRR1A,AFAP1,MINPP1,ABLIM3,XIRP1,DCTN4,BRK1
834		ARF1	AP3S2,ZNF239,SPAG9
836		MYBL2	LIN37,LIN52
840	TPD52		CD53,NCBP3,CLDN19,PABPC4,EVI5L,CCDC28A,ZMAT4,DBF4B,NGLY1,CHD2,MPP3,TRUB1,CCDC97,DNAJB7,EIF1AY,MAB21L2,ADAP1,SNRNP35,PDE7B,PTBP1,NPM2,ATAT1,TCOF1,HMCES,SDR42E1,CCM2,MCOLN3,MARCH10,BRD7,TDP2,FOXN3,LRRN4CL,HNRNPC,TAF7L,TRIM41,RPL39L,LCA5,ADGRG5,SRPK2,C4orf46,STON1,ZBTB48,CACNG2,OR5A1
854		H1FX	POMZP3,FAM60A,NMI
859		FOXM1	TMEM63A,DGCR8,TTC30A,EEF1D,SAFB,IKZF5,ZNF106,ANKRD12,PHF23
869		RGS16	PTH1R,RGS5,ARRB1,MTNR1A,GPSM3,DPM1,GNAI1
884		LMNB1	RPL28,PSMB10,CCNDBP1,PIAS2,THAP10,OLIG1
897		ASPM	CMBL,MYH6,GEMIN2,SF3A1,SMYD2,RADIL,ZNF512B
900		RAD51	RAD51AP2
901		HOXC4	UTF1,POU3F3,SOX10,SOX8,PRRX2,OLIG2
903		TPM2	MAST2,MXRA7
918		SNCA	TM4SF19,HTT,PALM,ARFGAP3,MEOX1
919		TK1	DTX3,UBE2DNL,MSTO1,RNF114,SAYSD1,STK11IP
921		CEP55	NBR1,CEP57L1,TEAD4
924		MPPED2	AMOTL2,RWDD2B,DCX,NFIL3,RAD51D,IKZF1
925		CDCA8,SMYD3	ZNF57,H2AFY2,ZNF689,ZNF8,CHAF1B,CBX5,ZNF585A,ZNF620,ZFP1,WHSC1L1,AHDC1,ZNF585B,ZNF552,ZNF649,FAR1,BCL7A,ZNF324,ZNF45,MAU2,ZNF227,TONSL,ORC3,ZNF324B,VPS4B,ZFP82,ZNF518A,HIST1H1B,ADNP2,ZNF569,ZNF264,ZNF462,ZNF460,ZNF773,HIST3H2A
934		FUS	MAX,RPL34,PFKP,TBC1D9B,GGT7,TAF5L,HNRNPA2B1
935		ARMCX2	MYOM2,ATP2A1,UBE2J2,MYO18B,ZNF835,GPATCH2L,BOC,SEC31A,TNNT1,TNNT3,TULP3,GSE1,ARHGAP21,JMJD1C,MORF4L1,ZSCAN23,DST,BRMS1L,ZFAT,MGA,RNF167,ZNF619,MBTD1,PDE4DIP,ZNF793
938		SMPDL3A	APOD,SERTAD3,CETP,MOCOS,DGAT1,HPR,ROBO3,C1QC,APOA1,ABCA6,LECT1,FAM83C,ABCA13,FKBP2,FAM169A,CFHR1,PARVA,NAXE,APOA2
996		RAB8A	EHD3,RBSN,RAB2A,RAB22A,RAB11B,MYO5C
999		PCDH7	DCHS1,PCDH9,RYK,NCR3LG1,NCR3,CELSR2,CELSR1,NOMO3,FREM2,ADGRA3,ADGRA2,FAT4,PCDHGA11,PCDH20,CD247
1000		NME3	PPP5C,HTR2A,GRM2
1027		NEK2	FADS2,ATXN1L,RRAGC,AFAP1L2,CHD6,AP1G2,GNAZ,HIVEP1,HSFX2,MBD6,GPATCH8,GMEB2,ST6GALNAC6,RITA1,ACO2,RBPJ
1032		F5	MMRN1
1035		LCN2	NFKBIZ
1044		PCDH17	BEX3,LIN9,KMT2E,KIF2A,FBXL5,NBPF14,MED15,MYB,COX7B,ZFC3H1,NCAM2
1074		ACTN1	MYOM1,AKAP1,DYSF,FAM120A,ALMS1,COL12A1,SLC12A6,DGKD,PARVB,SYNE1,XIRP2
1082		SLC4A1	BLOC1S6
1123		ANPEP	TM4SF1
1130		MEOX2	MT-ND1,VEZF1
1147		HSD17B12	CERS2,ARHGEF7,TECR,ELOVL6,ELOVL7,ELOVL4,ELOVL2,ELOVL3,ELOVL1
1166		EPHB6	HDHD2,CFD,MGST2,DTD2,CRMP1,ADGRB2,LUC7L2
1172		RGS4	CHRM3,NALCN
1176		C1S,C2	C5AR2,C3,FCN1,C4A,MASP2
1184		SFTPA2	LY96,AHSG,CD93
1186		ACTR3B	MYH1,EXT1
1195		TRIP13	FNDC3B,SCP2,ARSA
1214		CXCL13	CCL21
1226		GSN	PRUNE1
1237		GABRG2	ZDHHC3
1285		EVPL	SLC25A17,PSORS1C2
1301		PITX2	GPR158,RFC2
1309		CENPF	NDE1
1325		RPE65	SLC27A1,RBP4
